,house_number,street,zipcode,boro,latitude,longitude,type_of_violation,status,year_of_violation
0,231,ECHO PLACE,10457,BRONX,40.849718,-73.90455,maintenance code violation,Open,2013
1,77-54,AUSTIN STREET,11375,QUEENS,40.714368,-73.835218,maintenance code violation,Close,2013
2,77-54,AUSTIN STREET,11375,QUEENS,40.714368,-73.835218,maintenance code violation,Close,2013
3,2136,MAPES AVENUE,10460,BRONX,40.847751,-73.884561,maintenance code violation,Close,2015
4,129,SENECA STREET,10310,STATEN ISLAND,40.631619,-74.117918,maintenance code violation,Close,2013
5,129,SENECA STREET,10310,STATEN ISLAND,40.631619,-74.117918,maintenance code violation,Close,2013
6,1722,HOBART AVENUE,10461,BRONX,40.846161,-73.830587,maintenance code violation,Open,2013
7,1722,HOBART AVENUE,10461,BRONX,40.846161,-73.830587,maintenance code violation,Open,2013
8,1141,TIFFANY STREET,10459,BRONX,40.82683,-73.894964,maintenance code violation,Close,2013
9,1141,TIFFANY STREET,10459,BRONX,40.82683,-73.894964,maintenance code violation,Close,2013
10,1141,TIFFANY STREET,10459,BRONX,40.82683,-73.894964,maintenance code violation,Close,2013
11,1141,TIFFANY STREET,10459,BRONX,40.82683,-73.894964,maintenance code violation,Close,2013
12,1141,TIFFANY STREET,10459,BRONX,40.82683,-73.894964,maintenance code violation,Close,2013
13,1722,HOBART AVENUE,10461,BRONX,40.846161,-73.830587,maintenance code violation,Open,2013
14,1722,HOBART AVENUE,10461,BRONX,40.846161,-73.830587,maintenance code violation,Open,2013
15,1722,HOBART AVENUE,10461,BRONX,40.846161,-73.830587,maintenance code violation,Open,2013
16,1722,HOBART AVENUE,10461,BRONX,40.846161,-73.830587,maintenance code violation,Close,2014
17,2913,MIDDLETOWN ROAD,10461,BRONX,40.843576,-73.83252,maintenance code violation,Close,2013
18,1722,HOBART AVENUE,10461,BRONX,40.846161,-73.830587,maintenance code violation,Open,2014
19,1722,HOBART AVENUE,10461,BRONX,40.846161,-73.830587,maintenance code violation,Open,2014
20,1722,HOBART AVENUE,10461,BRONX,40.846161,-73.830587,maintenance code violation,Open,2014
21,192,NAGLE AVENUE,10034,MANHATTAN,40.862034,-73.923563,maintenance code violation,Close,2015
22,192,NAGLE AVENUE,10034,MANHATTAN,40.862034,-73.923563,maintenance code violation,Close,2015
23,1744,MERRILL STREET,10460,BRONX,40.836666,-73.869713,maintenance code violation,Close,2021
24,465,WEST 152 STREET,10031,MANHATTAN,40.829134,-73.943146,maintenance code violation,Close,2021
25,1722,HOBART AVENUE,10461,BRONX,40.846161,-73.830587,maintenance code violation,Open,2014
26,1722,HOBART AVENUE,10461,BRONX,40.846161,-73.830587,maintenance code violation,Close,2014
27,265,EAST 78 STREET,10075,MANHATTAN,40.773035,-73.956426,maintenance code violation,Close,2014
28,265,EAST 78 STREET,10075,MANHATTAN,40.773035,-73.956426,maintenance code violation,Close,2014
29,37-40,81 STREET,11372,QUEENS,40.749307,-73.885187,maintenance code violation,Close,2021
30,1215,AVENUE N,11230,BROOKLYN,40.615347,-73.962133,maintenance code violation,Close,2021
31,888,EAST 96 STREET,11236,BROOKLYN,40.648017,-73.906903,maintenance code violation,Close,2014
32,364,LINCOLN PLACE,11238,BROOKLYN,40.67304,-73.964094,maintenance code violation,Close,2021
33,379,MENAHAN STREET,11237,BROOKLYN,40.701836,-73.913454,maintenance code violation,Close,2021
34,1726,AMSTERDAM AVENUE,10031,MANHATTAN,40.825515,-73.947413,maintenance code violation,Close,2014
35,195,MADISON STREET,10002,MANHATTAN,40.712608,-73.990549,maintenance code violation,Close,2021
36,454,BARRETT AVENUE,10473,BRONX,40.815857,-73.854685,maintenance code violation,Close,2014
37,109,EAST 153 STREET,10451,BRONX,40.823932,-73.928033,maintenance code violation,Close,2013
38,2031,OCEAN AVENUE,11230,BROOKLYN,40.612377,-73.953858,maintenance code violation,Open,2019
39,3195,DECATUR AVENUE,10467,BRONX,40.873825,-73.875588,maintenance code violation,Close,2013
40,3540,DEKALB AVENUE,10467,BRONX,40.883296,-73.879625,maintenance code violation,Close,2013
41,1064,MANOR AVENUE,10472,BRONX,40.825543,-73.875585,maintenance code violation,Open,2013
42,1750,GRAND CONCOURSE,10457,BRONX,40.845765,-73.910292,maintenance code violation,Close,2013
43,2280,OLINVILLE AVENUE,10467,BRONX,40.859569,-73.868544,maintenance code violation,Open,2016
44,1750,GRAND CONCOURSE,10457,BRONX,40.845765,-73.910292,maintenance code violation,Close,2013
45,3540,DEKALB AVENUE,10467,BRONX,40.883296,-73.879625,maintenance code violation,Close,2013
46,77-54,AUSTIN STREET,11375,QUEENS,40.714368,-73.835218,maintenance code violation,Close,2014
47,1343,PROSPECT AVENUE,10459,BRONX,40.829714,-73.89746,maintenance code violation,Close,2014
48,1750,GRAND CONCOURSE,10457,BRONX,40.845765,-73.910292,maintenance code violation,Close,2013
49,1750,GRAND CONCOURSE,10457,BRONX,40.845765,-73.910292,maintenance code violation,Close,2013
50,1750,GRAND CONCOURSE,10457,BRONX,40.845765,-73.910292,maintenance code violation,Close,2013
51,2001,WOODBINE STREET,11385,QUEENS,40.70563,-73.903635,maintenance code violation,Close,2021
52,72-06,69 STREET,11385,QUEENS,40.701545,-73.882741,maintenance code violation,Close,2014
53,72-06,69 STREET,11385,QUEENS,40.701545,-73.882741,maintenance code violation,Close,2014
54,72-06,69 STREET,11385,QUEENS,40.701545,-73.882741,maintenance code violation,Close,2014
55,505,MC DONALD AVENUE,11218,BROOKLYN,40.641882,-73.979249,maintenance code violation,Close,2013
56,116-21,148 STREET,11436,QUEENS,40.681773,-73.793457,maintenance code violation,Close,2013
57,425,ROCKAWAY PARKWAY,11212,BROOKLYN,40.657636,-73.916225,maintenance code violation,Close,2020
58,378,EAST 52 STREET,11203,BROOKLYN,40.651441,-73.928406,maintenance code violation,Close,2020
59,4535,PARK AVENUE,10457,BRONX,40.855498,-73.894857,maintenance code violation,Close,2020
60,4535,PARK AVENUE,10457,BRONX,40.855498,-73.894857,maintenance code violation,Close,2020
61,920,TAYLOR AVENUE,10473,BRONX,40.824236,-73.863653,maintenance code violation,Close,2020
62,77-54,AUSTIN STREET,11375,QUEENS,40.714368,-73.835218,maintenance code violation,Close,2014
63,177,CHRYSTIE STREET,10002,MANHATTAN,40.721071,-73.992341,maintenance code violation,Open,2015
64,177,CHRYSTIE STREET,10002,MANHATTAN,40.721071,-73.992341,maintenance code violation,Open,2015
65,177,CHRYSTIE STREET,10002,MANHATTAN,40.721071,-73.992341,maintenance code violation,Open,2015
66,225,23 STREET,11232,BROOKLYN,40.660628,-73.995235,maintenance code violation,Close,2020
67,90-19,169 STREET,11432,QUEENS,40.708201,-73.791557,maintenance code violation,Close,2013
68,97,NEPTUNE AVENUE,11235,BROOKLYN,40.582449,-73.957652,maintenance code violation,Close,2021
69,97,NEPTUNE AVENUE,11235,BROOKLYN,40.582449,-73.957652,maintenance code violation,Open,2021
70,97,NEPTUNE AVENUE,11235,BROOKLYN,40.582449,-73.957652,maintenance code violation,Open,2021
71,97,NEPTUNE AVENUE,11235,BROOKLYN,40.582449,-73.957652,maintenance code violation,Open,2021
72,97,NEPTUNE AVENUE,11235,BROOKLYN,40.582449,-73.957652,maintenance code violation,Open,2021
73,1918,RICHMOND TERRACE,10302,STATEN ISLAND,40.637772,-74.128854,maintenance code violation,Close,2015
74,1890,WALTON AVENUE,10453,BRONX,40.849519,-73.909293,maintenance code violation,Close,2021
75,96,BRISTOL STREET,11212,BROOKLYN,40.66875,-73.912444,maintenance code violation,Open,2021
76,552,WEST 185 STREET,10033,MANHATTAN,40.851277,-73.931018,maintenance code violation,Close,2021
77,552,WEST 185 STREET,10033,MANHATTAN,40.851277,-73.931018,maintenance code violation,Close,2021
78,228,BAY 43 STREET,11214,BROOKLYN,40.590735,-73.989893,maintenance code violation,Close,2021
79,192,HEBERTON AVENUE,10302,STATEN ISLAND,40.635605,-74.132229,maintenance code violation,Open,2021
80,552,WEST 185 STREET,10033,MANHATTAN,40.851277,-73.931018,maintenance code violation,Close,2021
81,177,CHRYSTIE STREET,10002,MANHATTAN,40.721071,-73.992341,maintenance code violation,Open,2015
82,7801,3 AVENUE,11209,BROOKLYN,40.629183,-74.028713,maintenance code violation,Open,2020
83,177,CHRYSTIE STREET,10002,MANHATTAN,40.721071,-73.992341,maintenance code violation,Open,2015
84,177,CHRYSTIE STREET,10002,MANHATTAN,40.721071,-73.992341,maintenance code violation,Open,2015
85,1451,OVERING STREET,10461,BRONX,40.840283,-73.844888,maintenance code violation,Close,2013
86,552,WEST 185 STREET,10033,MANHATTAN,40.851277,-73.931018,maintenance code violation,Close,2021
87,552,WEST 185 STREET,10033,MANHATTAN,40.851277,-73.931018,maintenance code violation,Close,2021
88,552,WEST 185 STREET,10033,MANHATTAN,40.851277,-73.931018,maintenance code violation,Close,2021
89,640,KOSCIUSZKO STREET,11221,BROOKLYN,40.693785,-73.927921,maintenance code violation,Close,2015
90,1115,JEROME AVENUE,10452,BRONX,40.834637,-73.924299,maintenance code violation,Close,2021
91,2260,WASHINGTON AVENUE,10457,BRONX,40.854869,-73.893445,maintenance code violation,Close,2021
92,1451,OVERING STREET,10461,BRONX,40.840283,-73.844888,maintenance code violation,Close,2013
93,218,EAST 79 STREET,10075,MANHATTAN,40.774012,-73.956678,maintenance code violation,Close,2015
94,1750,GRAND CONCOURSE,10457,BRONX,40.845765,-73.910292,maintenance code violation,Close,2013
95,1750,GRAND CONCOURSE,10457,BRONX,40.845765,-73.910292,maintenance code violation,Close,2013
96,268,EAST 181 STREET,10457,BRONX,40.854185,-73.899844,maintenance code violation,Close,2013
97,560,WEST 160 STREET,10032,MANHATTAN,40.835397,-73.942262,maintenance code violation,Close,2013
98,40,ARDEN STREET,10040,MANHATTAN,40.862067,-73.927229,maintenance code violation,Close,2015
99,560,WEST 160 STREET,10032,MANHATTAN,40.835397,-73.942262,maintenance code violation,Close,2013
100,560,WEST 160 STREET,10032,MANHATTAN,40.835397,-73.942262,maintenance code violation,Close,2013
101,150-36,118 AVENUE,11434,QUEENS,40.679851,-73.791599,maintenance code violation,Close,2013
102,4424,10 AVENUE,11219,BROOKLYN,40.64164,-73.996008,maintenance code violation,Close,2015
103,97,HART STREET,11206,BROOKLYN,40.693312,-73.947636,maintenance code violation,Close,2021
104,157-30,96 STREET,11414,QUEENS,40.662317,-73.837729,maintenance code violation,Close,2021
105,137-29,81 STREET,11414,QUEENS,40.669811,-73.854167,maintenance code violation,Close,2021
106,117,BROOK STREET,10301,STATEN ISLAND,40.636775,-74.084599,maintenance code violation,Close,2015
107,8517,3 AVENUE,11209,BROOKLYN,40.624097,-74.030789,maintenance code violation,Close,2013
108,8517,3 AVENUE,11209,BROOKLYN,40.624097,-74.030789,maintenance code violation,Close,2013
109,515,CATHEDRAL PARKWAY,10025,MANHATTAN,40.803336,-73.964707,maintenance code violation,Close,2016
110,515,CATHEDRAL PARKWAY,10025,MANHATTAN,40.803336,-73.964707,maintenance code violation,Close,2016
111,515,CATHEDRAL PARKWAY,10025,MANHATTAN,40.803336,-73.964707,maintenance code violation,Close,2016
112,1941,OCEAN AVENUE,11230,BROOKLYN,40.614647,-73.954289,maintenance code violation,Close,2013
113,1941,OCEAN AVENUE,11230,BROOKLYN,40.614647,-73.954289,maintenance code violation,Close,2013
114,1941,OCEAN AVENUE,11230,BROOKLYN,40.614647,-73.954289,maintenance code violation,Close,2013
115,1941,OCEAN AVENUE,11230,BROOKLYN,40.614647,-73.954289,maintenance code violation,Close,2013
116,2243,WEST 7 STREET,11223,BROOKLYN,40.593321,-73.97791,maintenance code violation,Close,2021
117,200,NAGLE AVENUE,10034,MANHATTAN,40.862103,-73.923371,maintenance code violation,Close,2015
118,58-37,WALDRON STREET,11368,QUEENS,40.739034,-73.852049,maintenance code violation,Close,2021
119,2874,GRAND CONCOURSE,10458,BRONX,40.870656,-73.890115,maintenance code violation,Close,2013
120,1941,OCEAN AVENUE,11230,BROOKLYN,40.614647,-73.954289,maintenance code violation,Close,2013
121,1451,OVERING STREET,10461,BRONX,40.840283,-73.844888,maintenance code violation,Close,2013
122,3046,HOLLAND AVENUE,10467,BRONX,40.870215,-73.865236,maintenance code violation,Close,2021
123,636,WEST 172 STREET,10032,MANHATTAN,40.844165,-73.939573,maintenance code violation,Open,2016
124,1451,OVERING STREET,10461,BRONX,40.840283,-73.844888,maintenance code violation,Close,2013
125,1492,AMSTERDAM AVENUE,10031,MANHATTAN,40.818022,-73.952888,maintenance code violation,Close,2021
126,117-33,135 STREET,11420,QUEENS,40.67703,-73.804414,maintenance code violation,Close,2016
127,117-33,135 STREET,11420,QUEENS,40.67703,-73.804414,maintenance code violation,Close,2016
128,20,SHERMAN AVENUE,10040,MANHATTAN,40.862669,-73.928479,maintenance code violation,Close,2016
129,515,CATHEDRAL PARKWAY,10025,MANHATTAN,40.803336,-73.964707,maintenance code violation,Close,2016
130,208,TAPSCOTT STREET,11212,BROOKLYN,40.663008,-73.919729,maintenance code violation,Open,2016
131,200,NAGLE AVENUE,10034,MANHATTAN,40.862103,-73.923371,maintenance code violation,Close,2015
132,73,LINDEN STREET,11221,BROOKLYN,40.691902999999996,-73.920888,maintenance code violation,Close,2021
133,1505,TOWNSEND AVENUE,10452,BRONX,40.84234,-73.915038,maintenance code violation,Close,2014
134,20,SHERMAN AVENUE,10040,MANHATTAN,40.862669,-73.928479,maintenance code violation,Close,2016
135,265,EAST 78 STREET,10075,MANHATTAN,40.773035,-73.956426,maintenance code violation,Close,2016
136,1520,SEDGWICK AVENUE,10453,BRONX,40.846785,-73.924929,maintenance code violation,Close,2021
137,230,EAST 79 STREET,10075,MANHATTAN,40.773932,-73.956483,maintenance code violation,Close,2016
138,230,EAST 79 STREET,10075,MANHATTAN,40.773932,-73.956483,maintenance code violation,Close,2016
139,133,SUNNYSIDE AVENUE,11207,BROOKLYN,40.681554,-73.892283,maintenance code violation,Open,2016
140,1451,OVERING STREET,10461,BRONX,40.840283,-73.844888,maintenance code violation,Close,2013
141,1466,GRAND CONCOURSE,10457,BRONX,40.840612,-73.912796,maintenance code violation,Close,2019
142,1466,GRAND CONCOURSE,10457,BRONX,40.840612,-73.912796,maintenance code violation,Close,2019
143,1466,GRAND CONCOURSE,10457,BRONX,40.840612,-73.912796,maintenance code violation,Close,2019
144,200,NAGLE AVENUE,10034,MANHATTAN,40.862103,-73.923371,maintenance code violation,Close,2015
145,69-01,62 STREET,11385,QUEENS,40.703934,-73.894693,maintenance code violation,Open,2016
146,69-01,62 STREET,11385,QUEENS,40.703934,-73.894693,maintenance code violation,Open,2016
147,69-01,62 STREET,11385,QUEENS,40.703934,-73.894693,maintenance code violation,Open,2016
148,4311,4 AVENUE,11232,BROOKLYN,40.650261,-74.00862,maintenance code violation,Close,2020
149,4311,4 AVENUE,11232,BROOKLYN,40.650261,-74.00862,maintenance code violation,Close,2020
150,382,SOUTH 4 STREET,11211,BROOKLYN,40.708111,-73.952584,maintenance code violation,Open,2020
151,144-35,ROOSEVELT AVENUE,11354,QUEENS,40.762009,-73.820675,maintenance code violation,Close,2020
152,1707,TOPPING AVENUE,10457,BRONX,40.844395,-73.905801,maintenance code violation,Close,2020
153,1880,EAST 4 STREET,11223,BROOKLYN,40.604202,-73.96904,maintenance code violation,Open,2021
154,409,SUYDAM STREET,11237,BROOKLYN,40.705749,-73.920157,maintenance code violation,Close,2013
155,530,ST PAULS PLACE,10456,BRONX,40.835782,-73.902369,maintenance code violation,Close,2013
156,1750,GRAND CONCOURSE,10457,BRONX,40.845765,-73.910292,maintenance code violation,Close,2013
157,1750,GRAND CONCOURSE,10457,BRONX,40.845765,-73.910292,maintenance code violation,Close,2013
158,1750,GRAND CONCOURSE,10457,BRONX,40.845765,-73.910292,maintenance code violation,Close,2013
159,1750,GRAND CONCOURSE,10457,BRONX,40.845765,-73.910292,maintenance code violation,Close,2013
160,3230,CRUGER AVENUE,10467,BRONX,40.872255,-73.866129,maintenance code violation,Close,2013
161,3230,CRUGER AVENUE,10467,BRONX,40.872255,-73.866129,maintenance code violation,Close,2013
162,3230,CRUGER AVENUE,10467,BRONX,40.872255,-73.866129,maintenance code violation,Close,2013
163,3230,CRUGER AVENUE,10467,BRONX,40.872255,-73.866129,maintenance code violation,Close,2013
164,3230,CRUGER AVENUE,10467,BRONX,40.872255,-73.866129,maintenance code violation,Close,2013
165,3230,CRUGER AVENUE,10467,BRONX,40.872255,-73.866129,maintenance code violation,Close,2013
166,3230,CRUGER AVENUE,10467,BRONX,40.872255,-73.866129,maintenance code violation,Close,2013
167,3230,CRUGER AVENUE,10467,BRONX,40.872255,-73.866129,maintenance code violation,Close,2013
168,3230,CRUGER AVENUE,10467,BRONX,40.872255,-73.866129,maintenance code violation,Close,2013
169,3230,CRUGER AVENUE,10467,BRONX,40.872255,-73.866129,maintenance code violation,Close,2013
170,3230,CRUGER AVENUE,10467,BRONX,40.872255,-73.866129,maintenance code violation,Close,2013
171,3230,CRUGER AVENUE,10467,BRONX,40.872255,-73.866129,maintenance code violation,Close,2013
172,3230,CRUGER AVENUE,10467,BRONX,40.872255,-73.866129,maintenance code violation,Close,2013
173,3230,CRUGER AVENUE,10467,BRONX,40.872255,-73.866129,maintenance code violation,Close,2013
174,3230,CRUGER AVENUE,10467,BRONX,40.872255,-73.866129,maintenance code violation,Close,2013
175,3230,CRUGER AVENUE,10467,BRONX,40.872255,-73.866129,maintenance code violation,Close,2013
176,3230,CRUGER AVENUE,10467,BRONX,40.872255,-73.866129,maintenance code violation,Close,2013
177,3230,CRUGER AVENUE,10467,BRONX,40.872255,-73.866129,maintenance code violation,Close,2013
178,3230,CRUGER AVENUE,10467,BRONX,40.872255,-73.866129,maintenance code violation,Close,2013
179,3230,CRUGER AVENUE,10467,BRONX,40.872255,-73.866129,maintenance code violation,Close,2013
180,3230,CRUGER AVENUE,10467,BRONX,40.872255,-73.866129,maintenance code violation,Close,2013
181,3230,CRUGER AVENUE,10467,BRONX,40.872255,-73.866129,maintenance code violation,Close,2013
182,3230,CRUGER AVENUE,10467,BRONX,40.872255,-73.866129,maintenance code violation,Close,2013
183,3230,CRUGER AVENUE,10467,BRONX,40.872255,-73.866129,maintenance code violation,Close,2013
184,3230,CRUGER AVENUE,10467,BRONX,40.872255,-73.866129,maintenance code violation,Close,2013
185,3230,CRUGER AVENUE,10467,BRONX,40.872255,-73.866129,maintenance code violation,Close,2013
186,3230,CRUGER AVENUE,10467,BRONX,40.872255,-73.866129,maintenance code violation,Close,2013
187,3230,CRUGER AVENUE,10467,BRONX,40.872255,-73.866129,maintenance code violation,Close,2013
188,3230,CRUGER AVENUE,10467,BRONX,40.872255,-73.866129,maintenance code violation,Close,2013
189,3230,CRUGER AVENUE,10467,BRONX,40.872255,-73.866129,maintenance code violation,Close,2013
190,200,NAGLE AVENUE,10034,MANHATTAN,40.862103,-73.923371,maintenance code violation,Close,2015
191,140-68A,BURDEN CRESCENT,11435,QUEENS,40.711268,-73.816198,maintenance code violation,Close,2021
192,3230,CRUGER AVENUE,10467,BRONX,40.872255,-73.866129,maintenance code violation,Close,2013
193,3230,CRUGER AVENUE,10467,BRONX,40.872255,-73.866129,maintenance code violation,Close,2013
194,3230,CRUGER AVENUE,10467,BRONX,40.872255,-73.866129,maintenance code violation,Close,2013
195,3230,CRUGER AVENUE,10467,BRONX,40.872255,-73.866129,maintenance code violation,Close,2013
196,3230,CRUGER AVENUE,10467,BRONX,40.872255,-73.866129,maintenance code violation,Close,2013
197,3230,CRUGER AVENUE,10467,BRONX,40.872255,-73.866129,maintenance code violation,Close,2013
198,3230,CRUGER AVENUE,10467,BRONX,40.872255,-73.866129,maintenance code violation,Close,2013
199,3230,CRUGER AVENUE,10467,BRONX,40.872255,-73.866129,maintenance code violation,Close,2013
200,3230,CRUGER AVENUE,10467,BRONX,40.872255,-73.866129,maintenance code violation,Close,2013
201,3230,CRUGER AVENUE,10467,BRONX,40.872255,-73.866129,maintenance code violation,Close,2013
202,305,LINDEN BOULEVARD,11226,BROOKLYN,40.652745,-73.948017,maintenance code violation,Close,2021
203,28,WEST 11 STREET,10011,MANHATTAN,40.734487,-73.99615,maintenance code violation,Close,2021
204,3230,CRUGER AVENUE,10467,BRONX,40.872255,-73.866129,maintenance code violation,Close,2013
205,3230,CRUGER AVENUE,10467,BRONX,40.872255,-73.866129,maintenance code violation,Close,2013
206,3230,CRUGER AVENUE,10467,BRONX,40.872255,-73.866129,maintenance code violation,Close,2013
207,3230,CRUGER AVENUE,10467,BRONX,40.872255,-73.866129,maintenance code violation,Close,2013
208,3230,CRUGER AVENUE,10467,BRONX,40.872255,-73.866129,maintenance code violation,Close,2013
209,3230,CRUGER AVENUE,10467,BRONX,40.872255,-73.866129,maintenance code violation,Close,2013
210,169,NEW YORK AVENUE,11216,BROOKLYN,40.674401,-73.947279,maintenance code violation,Close,2020
211,1451,OVERING STREET,10461,BRONX,40.840283,-73.844888,maintenance code violation,Open,2013
212,348,MAPLE STREET,11225,BROOKLYN,40.660905,-73.949222,maintenance code violation,Close,2021
213,1314,SENECA AVENUE,10474,BRONX,40.81894,-73.886981,maintenance code violation,Close,2021
214,2917,GRAND CONCOURSE,10468,BRONX,40.871349,-73.88895,maintenance code violation,Close,2016
215,3230,CRUGER AVENUE,10467,BRONX,40.872255,-73.866129,maintenance code violation,Close,2013
216,223,EAST 78 STREET,10075,MANHATTAN,40.773317,-73.957101,maintenance code violation,Close,2016
217,432,EAST 116 STREET,10029,MANHATTAN,40.795481,-73.934189,maintenance code violation,Close,2013
218,2217,CATON AVENUE,11226,BROOKLYN,40.652781,-73.956775,maintenance code violation,Open,2021
219,79,ST MARKS PLACE,10003,MANHATTAN,40.727814,-73.985792,maintenance code violation,Close,2020
220,221,WEST 139 STREET,10030,MANHATTAN,40.818363,-73.943047,maintenance code violation,Close,2016
221,3440,GATES PLACE,10467,BRONX,40.882896,-73.883618,maintenance code violation,Close,2021
222,79,ST MARKS PLACE,10003,MANHATTAN,40.727814,-73.985792,maintenance code violation,Close,2020
223,79,ST MARKS PLACE,10003,MANHATTAN,40.727814,-73.985792,maintenance code violation,Open,2020
224,3230,CRUGER AVENUE,10467,BRONX,40.872255,-73.866129,maintenance code violation,Close,2013
225,242,EAST 79 STREET,10075,MANHATTAN,40.77385,-73.956292,maintenance code violation,Close,2016
226,274,EAST 3 STREET,10009,MANHATTAN,40.721478,-73.980155,maintenance code violation,Close,2020
227,143-09,BARCLAY AVENUE,11355,QUEENS,40.759183,-73.823065,maintenance code violation,Close,2013
228,337,EAST 26 STREET,11226,BROOKLYN,40.641946,-73.952498,maintenance code violation,Open,2016
229,87,EAST 53 STREET,11203,BROOKLYN,40.658001,-73.928111,maintenance code violation,Close,2021
230,2380,HUGHES AVENUE,10458,BRONX,40.854821,-73.887181,maintenance code violation,Close,2021
231,230,PRESIDENT STREET,11231,BROOKLYN,40.682145,-73.997718,maintenance code violation,Open,2016
232,230,PRESIDENT STREET,11231,BROOKLYN,40.682145,-73.997718,maintenance code violation,Open,2016
233,334,WEST 37 STREET,10018,MANHATTAN,40.754557,-73.9932,maintenance code violation,Close,2020
234,1466,GRAND CONCOURSE,10457,BRONX,40.840612,-73.912796,maintenance code violation,Close,2020
235,901,EAST 76 STREET,11236,BROOKLYN,40.633526,-73.916122,maintenance code violation,Open,2021
236,3929,CARPENTER AVENUE,10466,BRONX,40.887543,-73.864,maintenance code violation,Close,2020
237,117-33,135 STREET,11420,QUEENS,40.67703,-73.804414,maintenance code violation,Close,2017
238,1840,SEDGWICK AVENUE,10453,BRONX,40.852896,-73.918086,maintenance code violation,Close,2020
239,795,COLUMBUS AVENUE,10025,MANHATTAN,40.794559,-73.966272,maintenance code violation,Close,2021
240,1670,EAST 174 STREET,10472,BRONX,40.834337,-73.873154,maintenance code violation,Close,2021
241,646,RUTLAND ROAD,11203,BROOKLYN,40.660099,-73.939178,maintenance code violation,Close,2021
242,700,EAST NEW YORK AVENUE,11203,BROOKLYN,40.662251,-73.939554,maintenance code violation,Open,2021
243,795,COLUMBUS AVENUE,10025,MANHATTAN,40.794559,-73.966272,maintenance code violation,Open,2021
244,99,MAC DOUGAL STREET,11233,BROOKLYN,40.679483,-73.917986,maintenance code violation,Close,2013
245,99,MAC DOUGAL STREET,11233,BROOKLYN,40.679483,-73.917986,maintenance code violation,Close,2013
246,3380,NOSTRAND AVENUE,11229,BROOKLYN,40.601664,-73.942133,maintenance code violation,Close,2014
247,735,LINCOLN AVENUE,11208,BROOKLYN,40.671074,-73.866042,maintenance code violation,Close,2021
248,1635,UNION STREET,11213,BROOKLYN,40.668096,-73.935991,maintenance code violation,Close,2020
249,1620,PROSPECT PLACE,11233,BROOKLYN,40.672828,-73.923037,maintenance code violation,Close,2020
250,117-33,135 STREET,11420,QUEENS,40.67703,-73.804414,maintenance code violation,Close,2017
251,29,BROOKLYN AVENUE,11216,BROOKLYN,40.678953,-73.944071,maintenance code violation,Close,2020
252,2625,GRAND CONCOURSE,10468,BRONX,40.865154,-73.895088,maintenance code violation,Close,2020
253,117-33,135 STREET,11420,QUEENS,40.67703,-73.804414,maintenance code violation,Close,2017
254,534,EAST 138 STREET,10454,BRONX,40.807106,-73.9182,maintenance code violation,Close,2021
255,1802,AMSTERDAM AVENUE,10031,MANHATTAN,40.827971,-73.945619,maintenance code violation,Close,2013
256,1580,THIERIOT AVENUE,10460,BRONX,40.840063,-73.866078,maintenance code violation,Close,2015
257,918,GERARD AVENUE,10452,BRONX,40.828763,-73.924183,maintenance code violation,Open,2021
258,4202,CHURCH AVENUE,11203,BROOKLYN,40.651375,-73.937924,maintenance code violation,Close,2020
259,200,NAGLE AVENUE,10034,MANHATTAN,40.862103,-73.923371,maintenance code violation,Close,2015
260,84,WEST 188 STREET,10468,BRONX,40.86419,-73.903354,maintenance code violation,Close,2020
261,1020,45 STREET,11219,BROOKLYN,40.640904,-73.995831,maintenance code violation,Close,2021
262,601,PARK PLACE,11238,BROOKLYN,40.674496,-73.958221,maintenance code violation,Close,2020
263,601,PARK PLACE,11238,BROOKLYN,40.674496,-73.958221,maintenance code violation,Close,2020
264,246,PRESIDENT STREET,11231,BROOKLYN,40.682007,-73.997235,maintenance code violation,Open,2013
265,338,SOUTH 3 STREET,11211,BROOKLYN,40.709289,-73.953719,maintenance code violation,Close,2013
266,1451,OVERING STREET,10461,BRONX,40.840283,-73.844888,maintenance code violation,Open,2013
267,353,BEEKMAN AVENUE,10454,BRONX,40.809021,-73.913719,maintenance code violation,Close,2014
268,353,BEEKMAN AVENUE,10454,BRONX,40.809021,-73.913719,maintenance code violation,Close,2014
269,353,BEEKMAN AVENUE,10454,BRONX,40.809021,-73.913719,maintenance code violation,Close,2014
270,246,PRESIDENT STREET,11231,BROOKLYN,40.682007,-73.997235,maintenance code violation,Close,2013
271,353,BEEKMAN AVENUE,10454,BRONX,40.809021,-73.913719,maintenance code violation,Close,2014
272,246,PRESIDENT STREET,11231,BROOKLYN,40.682007,-73.997235,maintenance code violation,Close,2013
273,246,PRESIDENT STREET,11231,BROOKLYN,40.682007,-73.997235,maintenance code violation,Close,2013
274,353,BEEKMAN AVENUE,10454,BRONX,40.809021,-73.913719,maintenance code violation,Close,2014
275,503,COLUMBUS AVENUE,10024,MANHATTAN,40.785361,-73.972982,maintenance code violation,Close,2020
276,503,COLUMBUS AVENUE,10024,MANHATTAN,40.785361,-73.972982,maintenance code violation,Close,2020
277,10,MAPLE STREET,11225,BROOKLYN,40.660243,-73.959888,maintenance code violation,Close,2020
278,2706,BEVERLY ROAD,11226,BROOKLYN,40.644962,-73.951602,maintenance code violation,Close,2020
279,426,ROCKAWAY PARKWAY,11212,BROOKLYN,40.657617,-73.916232,maintenance code violation,Close,2020
280,250,EAST 29 STREET,11226,BROOKLYN,40.643844,-73.949812,maintenance code violation,Close,2020
281,106-45,156 STREET,11433,QUEENS,40.696792,-73.798045,maintenance code violation,Close,2017
282,106-45,156 STREET,11433,QUEENS,40.696792,-73.798045,maintenance code violation,Close,2017
283,106-45,156 STREET,11433,QUEENS,40.696792,-73.798045,maintenance code violation,Close,2017
284,37-40,81 STREET,11372,QUEENS,40.749307,-73.885187,maintenance code violation,Close,2021
285,260,PARKHILL AVENUE,10304,STATEN ISLAND,40.612677,-74.083078,maintenance code violation,Close,2013
286,37-40,81 STREET,11372,QUEENS,40.749307,-73.885187,maintenance code violation,Close,2021
287,37-40,81 STREET,11372,QUEENS,40.749307,-73.885187,maintenance code violation,Close,2021
288,1141,TIFFANY STREET,10459,BRONX,40.82683,-73.894964,maintenance code violation,Close,2017
289,1492,1 AVENUE,10075,MANHATTAN,40.771496,-73.953293,maintenance code violation,Close,2020
290,154,EAST 175 STREET,10457,BRONX,40.846798,-73.908111,maintenance code violation,Close,2020
291,154,EAST 175 STREET,10457,BRONX,40.846798,-73.908111,maintenance code violation,Close,2020
292,515,CATHEDRAL PARKWAY,10025,MANHATTAN,40.803336,-73.964707,maintenance code violation,Close,2017
293,2015,DORCHESTER ROAD,11226,BROOKLYN,40.641594,-73.959139,maintenance code violation,Close,2020
294,2015,DORCHESTER ROAD,11226,BROOKLYN,40.641594,-73.959139,maintenance code violation,Close,2020
295,2015,DORCHESTER ROAD,11226,BROOKLYN,40.641594,-73.959139,maintenance code violation,Close,2020
296,4640,BROADWAY,10040,MANHATTAN,40.861871,-73.930067,maintenance code violation,Close,2021
297,145-20,LAKEWOOD AVENUE,11435,QUEENS,40.690471,-73.802838,maintenance code violation,Open,2017
298,497,DEAN STREET,11217,BROOKLYN,40.681359,-73.9735,maintenance code violation,Close,2021
299,1410,PROSPECT PLACE,11213,BROOKLYN,40.6732,-73.929807,maintenance code violation,Close,2020
300,117-33,135 STREET,11420,QUEENS,40.67703,-73.804414,maintenance code violation,Close,2017
301,117-33,135 STREET,11420,QUEENS,40.67703,-73.804414,maintenance code violation,Close,2017
302,250,STOCKHOLM STREET,11237,BROOKLYN,40.701496,-73.920811,maintenance code violation,Close,2020
303,1410,PROSPECT PLACE,11213,BROOKLYN,40.6732,-73.929807,maintenance code violation,Close,2020
304,230,EAST 79 STREET,10075,MANHATTAN,40.773932,-73.956483,maintenance code violation,Close,2017
305,1505,TOWNSEND AVENUE,10452,BRONX,40.84234,-73.915038,maintenance code violation,Close,2014
306,1505,TOWNSEND AVENUE,10452,BRONX,40.84234,-73.915038,maintenance code violation,Close,2014
307,2120,WALLACE AVENUE,10462,BRONX,40.853719,-73.864825,maintenance code violation,Close,2014
308,2075,WALTON AVENUE,10453,BRONX,40.854089,-73.905903,maintenance code violation,Close,2021
309,2075,WALTON AVENUE,10453,BRONX,40.854089,-73.905903,maintenance code violation,Close,2021
310,2075,WALTON AVENUE,10453,BRONX,40.854089,-73.905903,maintenance code violation,Close,2021
311,714,HART STREET,11221,BROOKLYN,40.699517,-73.925095,maintenance code violation,Open,2017
312,200,NAGLE AVENUE,10034,MANHATTAN,40.862103,-73.923371,maintenance code violation,Close,2015
313,451,KINGSTON AVENUE,11225,BROOKLYN,40.663504,-73.942746,maintenance code violation,Close,2013
314,451,KINGSTON AVENUE,11225,BROOKLYN,40.663504,-73.942746,maintenance code violation,Close,2013
315,451,KINGSTON AVENUE,11225,BROOKLYN,40.663504,-73.942746,maintenance code violation,Close,2013
316,509,WEST 170 STREET,10032,MANHATTAN,40.841254,-73.936457,maintenance code violation,Close,2017
317,509,WEST 170 STREET,10032,MANHATTAN,40.841254,-73.936457,maintenance code violation,Close,2017
318,509,WEST 170 STREET,10032,MANHATTAN,40.841254,-73.936457,maintenance code violation,Close,2017
319,964,OCEAN PARKWAY,11230,BROOKLYN,40.624929,-73.970626,maintenance code violation,Close,2021
320,351,LEGION STREET,11212,BROOKLYN,40.660205,-73.916106,maintenance code violation,Close,2021
321,330,EAST 22 STREET,11226,BROOKLYN,40.643188,-73.956482,maintenance code violation,Close,2021
322,353,BEEKMAN AVENUE,10454,BRONX,40.809021,-73.913719,maintenance code violation,Close,2014
323,140,WEST 58 STREET,10019,MANHATTAN,40.765512,-73.977947,maintenance code violation,Open,2017
324,103,VERMILYEA AVENUE,10034,MANHATTAN,40.866249,-73.921971,maintenance code violation,Close,2015
325,265,MILL ROAD,10306,STATEN ISLAND,40.562387,-74.111617,maintenance code violation,Close,2013
326,265,MILL ROAD,10306,STATEN ISLAND,40.562387,-74.111617,maintenance code violation,Close,2013
327,200,NAGLE AVENUE,10034,MANHATTAN,40.862103,-73.923371,maintenance code violation,Close,2015
328,273,ADELPHI STREET,11205,BROOKLYN,40.689225,-73.971067,maintenance code violation,Close,2017
329,1059,UNION STREET,11225,BROOKLYN,40.669706,-73.957885,maintenance code violation,Close,2021
330,8797,25 AVENUE,11214,BROOKLYN,40.593861,-73.991409,maintenance code violation,Close,2021
331,1251,BRONX RIVER AVENUE,10472,BRONX,40.829686,-73.882493,maintenance code violation,Close,2021
332,2304,AMSTERDAM AVENUE,10033,MANHATTAN,40.84381,-73.934047,maintenance code violation,Close,2020
333,353,BEEKMAN AVENUE,10454,BRONX,40.809021,-73.913719,maintenance code violation,Close,2014
334,353,BEEKMAN AVENUE,10454,BRONX,40.809021,-73.913719,maintenance code violation,Close,2014
335,357,WEST 22 STREET,10011,MANHATTAN,40.745293,-74.000527,maintenance code violation,Close,2014
336,165,SHERMAN AVENUE,10034,MANHATTAN,40.864765,-73.922764,maintenance code violation,Close,2014
337,2440,TIEBOUT AVENUE,10458,BRONX,40.860075,-73.895642,maintenance code violation,Close,2014
338,165,SHERMAN AVENUE,10034,MANHATTAN,40.864765,-73.922764,maintenance code violation,Close,2014
339,165,SHERMAN AVENUE,10034,MANHATTAN,40.864765,-73.922764,maintenance code violation,Close,2014
340,1451,OVERING STREET,10461,BRONX,40.840283,-73.844888,maintenance code violation,Close,2014
341,1750,GRAND CONCOURSE,10457,BRONX,40.845765,-73.910292,maintenance code violation,Close,2013
342,265,MILL ROAD,10306,STATEN ISLAND,40.562387,-74.111617,maintenance code violation,Close,2013
343,643,WEST 172 STREET,10032,MANHATTAN,40.844217,-73.939656,maintenance code violation,Open,2017
344,8797,25 AVENUE,11214,BROOKLYN,40.593861,-73.991409,maintenance code violation,Close,2021
345,1750,GRAND CONCOURSE,10457,BRONX,40.845765,-73.910292,maintenance code violation,Close,2013
346,3230,CRUGER AVENUE,10467,BRONX,40.872255,-73.866129,maintenance code violation,Close,2013
347,118,CLARKSON AVENUE,11226,BROOKLYN,40.655086,-73.955519,maintenance code violation,Close,2013
348,118,CLARKSON AVENUE,11226,BROOKLYN,40.655086,-73.955519,maintenance code violation,Close,2013
349,118,CLARKSON AVENUE,11226,BROOKLYN,40.655086,-73.955519,maintenance code violation,Close,2013
350,118,CLARKSON AVENUE,11226,BROOKLYN,40.655086,-73.955519,maintenance code violation,Close,2013
351,118,CLARKSON AVENUE,11226,BROOKLYN,40.655086,-73.955519,maintenance code violation,Close,2013
352,3230,CRUGER AVENUE,10467,BRONX,40.872255,-73.866129,maintenance code violation,Close,2013
353,3230,CRUGER AVENUE,10467,BRONX,40.872255,-73.866129,maintenance code violation,Close,2013
354,640,KOSCIUSZKO STREET,11221,BROOKLYN,40.693785,-73.927921,maintenance code violation,Close,2017
355,1562,THIERIOT AVENUE,10460,BRONX,40.839697,-73.865894,maintenance code violation,Close,2016
356,200,NAGLE AVENUE,10034,MANHATTAN,40.862103,-73.923371,maintenance code violation,Close,2015
357,349,LINDEN STREET,11237,BROOKLYN,40.699632,-73.913294,maintenance code violation,Close,2021
358,1503,METROPOLITAN AVENUE,10462,BRONX,40.839228,-73.858855,maintenance code violation,Close,2021
359,1551,SHERIDAN AVENUE,10457,BRONX,40.842019,-73.911081,maintenance code violation,Close,2021
360,1141,TIFFANY STREET,10459,BRONX,40.82683,-73.894964,maintenance code violation,Close,2017
361,129,SENECA STREET,10310,STATEN ISLAND,40.631619,-74.117918,maintenance code violation,Close,2018
362,1704,MORRIS AVENUE,10457,BRONX,40.844323,-73.909408,maintenance code violation,Close,2021
363,102,CONVENT AVENUE,10027,MANHATTAN,40.816789,-73.952597,maintenance code violation,Close,2016
364,117-33,135 STREET,11420,QUEENS,40.67703,-73.804414,maintenance code violation,Close,2017
365,117-33,135 STREET,11420,QUEENS,40.67703,-73.804414,maintenance code violation,Close,2017
366,117-33,135 STREET,11420,QUEENS,40.67703,-73.804414,maintenance code violation,Close,2017
367,888,HOME STREET,10459,BRONX,40.828179,-73.895952,maintenance code violation,Close,2018
368,30,COOPER STREET,10034,MANHATTAN,40.867576,-73.924312,maintenance code violation,Close,2013
369,2805,HEATH AVENUE,10463,BRONX,40.872946999999996,-73.904448,maintenance code violation,Open,2021
370,2445,FREDERICK DOUGLASS BOULEVARD,10027,MANHATTAN,40.81404,-73.948357,maintenance code violation,Close,2021
371,200,NAGLE AVENUE,10034,MANHATTAN,40.862103,-73.923371,maintenance code violation,Close,2015
372,988,GREENE AVENUE,11221,BROOKLYN,40.691005,-73.92845,maintenance code violation,Open,2020
373,1451,OVERING STREET,10461,BRONX,40.840283,-73.844888,maintenance code violation,Close,2014
374,61,5 AVENUE,11217,BROOKLYN,40.680946,-73.97738,maintenance code violation,Close,2020
375,8220,FT HAMILTON PARKWAY,11209,BROOKLYN,40.622298,-74.021851,maintenance code violation,Close,2021
376,8220,FT HAMILTON PARKWAY,11209,BROOKLYN,40.622298,-74.021851,maintenance code violation,Close,2021
377,1,MARBLE HILL AVENUE,10463,MANHATTAN,40.874862,-73.910845,maintenance code violation,Close,2021
378,83-78,DANIELS STREET,11435,QUEENS,40.71366,-73.814937,maintenance code violation,Close,2013
379,2067,VYSE AVENUE,10460,BRONX,40.843128,-73.881176,maintenance code violation,Close,2013
380,282,ASHFORD STREET,11207,BROOKLYN,40.67552,-73.885555,maintenance code violation,Open,2017
381,61,5 AVENUE,11217,BROOKLYN,40.680946,-73.97738,maintenance code violation,Close,2020
382,2132,BEVERLY ROAD,11226,BROOKLYN,40.644586,-73.957721,maintenance code violation,Open,2020
383,653,KNICKERBOCKER AVENUE,11221,BROOKLYN,40.695305,-73.912175,maintenance code violation,Close,2020
384,3230,CRUGER AVENUE,10467,BRONX,40.872255,-73.866129,maintenance code violation,Close,2013
385,899,MONTGOMERY STREET,11213,BROOKLYN,40.664552,-73.935194,maintenance code violation,Open,2018
386,3230,CRUGER AVENUE,10467,BRONX,40.872255,-73.866129,maintenance code violation,Close,2013
387,1141,TIFFANY STREET,10459,BRONX,40.82683,-73.894964,maintenance code violation,Close,2018
388,2535,HOLLAND AVENUE,10467,BRONX,40.863864,-73.865466,maintenance code violation,Open,2020
389,604,WYONA STREET,11207,BROOKLYN,40.66387,-73.890899,maintenance code violation,Close,2020
390,6324,4 AVENUE,11220,BROOKLYN,40.638965,-74.02039,maintenance code violation,Open,2020
391,1327,SOUTHERN BOULEVARD,10459,BRONX,40.8311,-73.891485,maintenance code violation,Close,2013
392,224,BEACH 30 STREET,11691,QUEENS,40.595124,-73.762834,maintenance code violation,Close,2020
393,899,MONTGOMERY STREET,11213,BROOKLYN,40.664552,-73.935194,maintenance code violation,Close,2018
394,899,MONTGOMERY STREET,11213,BROOKLYN,40.664552,-73.935194,maintenance code violation,Close,2018
395,200,NAGLE AVENUE,10034,MANHATTAN,40.862103,-73.923371,maintenance code violation,Close,2015
396,449,WEST 153 STREET,10031,MANHATTAN,40.829757,-73.94269,maintenance code violation,Close,2021
397,181,ROCKAWAY PARKWAY,11212,BROOKLYN,40.662317,-73.921442,maintenance code violation,Close,2013
398,181,ROCKAWAY PARKWAY,11212,BROOKLYN,40.662317,-73.921442,maintenance code violation,Close,2013
399,899,MONTGOMERY STREET,11213,BROOKLYN,40.664552,-73.935194,maintenance code violation,Close,2018
400,535,56 STREET,11220,BROOKLYN,40.64123,-74.012943,maintenance code violation,Close,2020
401,899,MONTGOMERY STREET,11213,BROOKLYN,40.664552,-73.935194,maintenance code violation,Close,2018
402,899,MONTGOMERY STREET,11213,BROOKLYN,40.664552,-73.935194,maintenance code violation,Close,2018
403,20,SHERMAN AVENUE,10040,MANHATTAN,40.862669,-73.928479,maintenance code violation,Close,2018
404,200,NAGLE AVENUE,10034,MANHATTAN,40.862103,-73.923371,maintenance code violation,Close,2015
405,556,ALBANY AVENUE,11203,BROOKLYN,40.661162,-73.939861,maintenance code violation,Open,2013
406,7,HEGEMAN AVENUE,11212,BROOKLYN,40.655591,-73.911863,maintenance code violation,Close,2013
407,1047,TELLER AVENUE,10456,BRONX,40.828706,-73.913747,maintenance code violation,Close,2021
408,1684,WEST 10 STREET,11223,BROOKLYN,40.606039,-73.983178,maintenance code violation,Close,2021
409,181,ROCKAWAY PARKWAY,11212,BROOKLYN,40.662317,-73.921442,maintenance code violation,Close,2013
410,181,ROCKAWAY PARKWAY,11212,BROOKLYN,40.662317,-73.921442,maintenance code violation,Close,2013
411,181,ROCKAWAY PARKWAY,11212,BROOKLYN,40.662317,-73.921442,maintenance code violation,Close,2013
412,181,ROCKAWAY PARKWAY,11212,BROOKLYN,40.662317,-73.921442,maintenance code violation,Close,2013
413,1505,TOWNSEND AVENUE,10452,BRONX,40.84234,-73.915038,maintenance code violation,Close,2014
414,1824,WEEKS AVENUE,10457,BRONX,40.847275,-73.907322,maintenance code violation,Close,2021
415,1824,WEEKS AVENUE,10457,BRONX,40.847275,-73.907322,maintenance code violation,Close,2021
416,1635,UNION STREET,11213,BROOKLYN,40.668096,-73.935991,maintenance code violation,Close,2019
417,1451,OVERING STREET,10461,BRONX,40.840283,-73.844888,maintenance code violation,Close,2014
418,287,EAST 18 STREET,11226,BROOKLYN,40.644002,-73.962034,maintenance code violation,Open,2018
419,40,ARDEN STREET,10040,MANHATTAN,40.862067,-73.927229,maintenance code violation,Close,2018
420,20,SHERMAN AVENUE,10040,MANHATTAN,40.862669,-73.928479,maintenance code violation,Open,2018
421,110,TERRACE VIEW AVENUE,10463,MANHATTAN,40.876444,-73.912829,maintenance code violation,Close,2013
422,110,TERRACE VIEW AVENUE,10463,MANHATTAN,40.876444,-73.912829,maintenance code violation,Close,2013
423,110,TERRACE VIEW AVENUE,10463,MANHATTAN,40.876444,-73.912829,maintenance code violation,Close,2013
424,110,TERRACE VIEW AVENUE,10463,MANHATTAN,40.876444,-73.912829,maintenance code violation,Close,2013
425,110,TERRACE VIEW AVENUE,10463,MANHATTAN,40.876444,-73.912829,maintenance code violation,Close,2013
426,110,TERRACE VIEW AVENUE,10463,MANHATTAN,40.876444,-73.912829,maintenance code violation,Close,2013
427,40,ARDEN STREET,10040,MANHATTAN,40.862067,-73.927229,maintenance code violation,Close,2018
428,1141,TIFFANY STREET,10459,BRONX,40.82683,-73.894964,maintenance code violation,Close,2018
429,3230,CRUGER AVENUE,10467,BRONX,40.872255,-73.866129,maintenance code violation,Close,2013
430,3230,CRUGER AVENUE,10467,BRONX,40.872255,-73.866129,maintenance code violation,Close,2013
431,3230,CRUGER AVENUE,10467,BRONX,40.872255,-73.866129,maintenance code violation,Close,2013
432,3230,CRUGER AVENUE,10467,BRONX,40.872255,-73.866129,maintenance code violation,Close,2013
433,3230,CRUGER AVENUE,10467,BRONX,40.872255,-73.866129,maintenance code violation,Close,2013
434,3230,CRUGER AVENUE,10467,BRONX,40.872255,-73.866129,maintenance code violation,Close,2013
435,3230,CRUGER AVENUE,10467,BRONX,40.872255,-73.866129,maintenance code violation,Close,2013
436,3230,CRUGER AVENUE,10467,BRONX,40.872255,-73.866129,maintenance code violation,Close,2013
437,40,ARDEN STREET,10040,MANHATTAN,40.862067,-73.927229,maintenance code violation,Close,2018
438,246,PRESIDENT STREET,11231,BROOKLYN,40.682007,-73.997235,maintenance code violation,Close,2013
439,10-12,NAMEOKE STREET,11691,QUEENS,40.603221,-73.748926,maintenance code violation,Close,2020
440,10-12,NAMEOKE STREET,11691,QUEENS,40.603221,-73.748926,maintenance code violation,Close,2020
441,3230,CRUGER AVENUE,10467,BRONX,40.872255,-73.866129,maintenance code violation,Close,2013
442,3230,CRUGER AVENUE,10467,BRONX,40.872255,-73.866129,maintenance code violation,Close,2013
443,3230,CRUGER AVENUE,10467,BRONX,40.872255,-73.866129,maintenance code violation,Close,2013
444,3230,CRUGER AVENUE,10467,BRONX,40.872255,-73.866129,maintenance code violation,Close,2013
445,265,EAST 78 STREET,10075,MANHATTAN,40.773035,-73.956426,maintenance code violation,Close,2018
446,265,EAST 78 STREET,10075,MANHATTAN,40.773035,-73.956426,maintenance code violation,Close,2018
447,265,EAST 78 STREET,10075,MANHATTAN,40.773035,-73.956426,maintenance code violation,Close,2018
448,2917,GRAND CONCOURSE,10468,BRONX,40.871349,-73.88895,maintenance code violation,Open,2018
449,2917,GRAND CONCOURSE,10468,BRONX,40.871349,-73.88895,maintenance code violation,Open,2018
450,2917,GRAND CONCOURSE,10468,BRONX,40.871349,-73.88895,maintenance code violation,Open,2018
451,200,NAGLE AVENUE,10034,MANHATTAN,40.862103,-73.923371,maintenance code violation,Close,2015
452,633,EAST 233 STREET,10466,BRONX,40.894112,-73.859592,maintenance code violation,Close,2013
453,633,EAST 233 STREET,10466,BRONX,40.894112,-73.859592,maintenance code violation,Close,2013
454,633,EAST 233 STREET,10466,BRONX,40.894112,-73.859592,maintenance code violation,Close,2013
455,2917,GRAND CONCOURSE,10468,BRONX,40.871349,-73.88895,maintenance code violation,Open,2018
456,2917,GRAND CONCOURSE,10468,BRONX,40.871349,-73.88895,maintenance code violation,Open,2018
457,3230,CRUGER AVENUE,10467,BRONX,40.872255,-73.866129,maintenance code violation,Close,2013
458,3230,CRUGER AVENUE,10467,BRONX,40.872255,-73.866129,maintenance code violation,Close,2013
459,3230,CRUGER AVENUE,10467,BRONX,40.872255,-73.866129,maintenance code violation,Close,2013
460,3230,CRUGER AVENUE,10467,BRONX,40.872255,-73.866129,maintenance code violation,Close,2013
461,3230,CRUGER AVENUE,10467,BRONX,40.872255,-73.866129,maintenance code violation,Close,2013
462,1453,PROSPECT PLACE,11213,BROOKLYN,40.673142,-73.928459,maintenance code violation,Close,2013
463,1562,THIERIOT AVENUE,10460,BRONX,40.839697,-73.865894,maintenance code violation,Close,2016
464,1630,41 STREET,11218,BROOKLYN,40.635086,-73.980144,maintenance code violation,Close,2021
465,633,EAST 233 STREET,10466,BRONX,40.894112,-73.859592,maintenance code violation,Close,2013
466,633,EAST 233 STREET,10466,BRONX,40.894112,-73.859592,maintenance code violation,Close,2013
467,633,EAST 233 STREET,10466,BRONX,40.894112,-73.859592,maintenance code violation,Close,2013
468,165,SHERMAN AVENUE,10034,MANHATTAN,40.864765,-73.922764,maintenance code violation,Close,2014
469,1451,OVERING STREET,10461,BRONX,40.840283,-73.844888,maintenance code violation,Close,2014
470,150,WEST 195 STREET,10468,BRONX,40.870488,-73.902134,maintenance code violation,Close,2014
471,1327,SOUTHERN BOULEVARD,10459,BRONX,40.8311,-73.891485,maintenance code violation,Close,2013
472,1327,SOUTHERN BOULEVARD,10459,BRONX,40.8311,-73.891485,maintenance code violation,Close,2013
473,192,NAGLE AVENUE,10034,MANHATTAN,40.862034,-73.923563,maintenance code violation,Close,2015
474,1327,SOUTHERN BOULEVARD,10459,BRONX,40.8311,-73.891485,maintenance code violation,Close,2013
475,150,WEST 195 STREET,10468,BRONX,40.870488,-73.902134,maintenance code violation,Close,2014
476,1327,SOUTHERN BOULEVARD,10459,BRONX,40.8311,-73.891485,maintenance code violation,Close,2013
477,36,KENILWORTH PLACE,11210,BROOKLYN,40.63505,-73.951324,maintenance code violation,Close,2013
478,36,KENILWORTH PLACE,11210,BROOKLYN,40.63505,-73.951324,maintenance code violation,Close,2013
479,451,EAST 22 STREET,11226,BROOKLYN,40.640883,-73.957251,maintenance code violation,Close,2021
480,3528,MERMAID AVENUE,11224,BROOKLYN,40.574821,-74.001044,maintenance code violation,Close,2021
481,36,KENILWORTH PLACE,11210,BROOKLYN,40.63505,-73.951324,maintenance code violation,Close,2013
482,36,KENILWORTH PLACE,11210,BROOKLYN,40.63505,-73.951324,maintenance code violation,Close,2013
483,36,KENILWORTH PLACE,11210,BROOKLYN,40.63505,-73.951324,maintenance code violation,Close,2013
484,36,KENILWORTH PLACE,11210,BROOKLYN,40.63505,-73.951324,maintenance code violation,Close,2013
485,36,KENILWORTH PLACE,11210,BROOKLYN,40.63505,-73.951324,maintenance code violation,Close,2013
486,36,KENILWORTH PLACE,11210,BROOKLYN,40.63505,-73.951324,maintenance code violation,Close,2013
487,36,KENILWORTH PLACE,11210,BROOKLYN,40.63505,-73.951324,maintenance code violation,Close,2013
488,36,KENILWORTH PLACE,11210,BROOKLYN,40.63505,-73.951324,maintenance code violation,Close,2013
489,36,KENILWORTH PLACE,11210,BROOKLYN,40.63505,-73.951324,maintenance code violation,Close,2013
490,36,KENILWORTH PLACE,11210,BROOKLYN,40.63505,-73.951324,maintenance code violation,Close,2013
491,36,KENILWORTH PLACE,11210,BROOKLYN,40.63505,-73.951324,maintenance code violation,Close,2013
492,36,KENILWORTH PLACE,11210,BROOKLYN,40.63505,-73.951324,maintenance code violation,Close,2013
493,230,EAST 79 STREET,10075,MANHATTAN,40.773932,-73.956483,maintenance code violation,Open,2018
494,230,EAST 79 STREET,10075,MANHATTAN,40.773932,-73.956483,maintenance code violation,Open,2018
495,165,SHERMAN AVENUE,10034,MANHATTAN,40.864765,-73.922764,maintenance code violation,Close,2014
496,1534,ST NICHOLAS AVENUE,10033,MANHATTAN,40.852852,-73.931136,maintenance code violation,Close,2013
497,1534,ST NICHOLAS AVENUE,10033,MANHATTAN,40.852852,-73.931136,maintenance code violation,Close,2013
498,1534,ST NICHOLAS AVENUE,10033,MANHATTAN,40.852852,-73.931136,maintenance code violation,Close,2013
499,1534,ST NICHOLAS AVENUE,10033,MANHATTAN,40.852852,-73.931136,maintenance code violation,Close,2013
500,8202,3 AVENUE,11209,BROOKLYN,40.626265,-74.029926,maintenance code violation,Close,2021
501,1327,SOUTHERN BOULEVARD,10459,BRONX,40.8311,-73.891485,maintenance code violation,Close,2013
502,4206,CARPENTER AVENUE,10466,BRONX,40.894604,-73.86009,maintenance code violation,Close,2018
503,307,LEGION STREET,11212,BROOKLYN,40.661018,-73.916314,maintenance code violation,Close,2013
504,192,NAGLE AVENUE,10034,MANHATTAN,40.862034,-73.923563,maintenance code violation,Close,2015
505,1039,SIMPSON STREET,10459,BRONX,40.824536,-73.892959,maintenance code violation,Close,2018
506,233,PROSPECT PLACE,11238,BROOKLYN,40.677562,-73.968332,maintenance code violation,Close,2018
507,244,FILLMORE STREET,10301,STATEN ISLAND,40.643282,-74.096805,maintenance code violation,Close,2021
508,137-20,45 AVENUE,11355,QUEENS,40.75094,-73.822838,maintenance code violation,Close,2020
509,244,FILLMORE STREET,10301,STATEN ISLAND,40.643282,-74.096805,maintenance code violation,Close,2021
510,244,FILLMORE STREET,10301,STATEN ISLAND,40.643282,-74.096805,maintenance code violation,Close,2021
511,55,HARMAN STREET,11221,BROOKLYN,40.695025,-73.92367899999999,maintenance code violation,Close,2021
512,244,FILLMORE STREET,10301,STATEN ISLAND,40.643282,-74.096805,maintenance code violation,Close,2021
513,530,ST PAULS PLACE,10456,BRONX,40.835782,-73.902369,maintenance code violation,Open,2013
514,165,SHERMAN AVENUE,10034,MANHATTAN,40.864765,-73.922764,maintenance code violation,Close,2014
515,1056,ST NICHOLAS AVENUE,10032,MANHATTAN,40.836757,-73.94006,maintenance code violation,Close,2021
516,1800,ALBEMARLE ROAD,11226,BROOKLYN,40.647016,-73.962469,maintenance code violation,Close,2021
517,719,MILLER AVENUE,11207,BROOKLYN,40.662767,-73.888352,maintenance code violation,Close,2013
518,68,MAC DOUGAL STREET,11233,BROOKLYN,40.679423,-73.918361,maintenance code violation,Close,2021
519,2800,COYLE STREET,11235,BROOKLYN,40.585065,-73.934159,maintenance code violation,Close,2013
520,1534,ST NICHOLAS AVENUE,10033,MANHATTAN,40.852852,-73.931136,maintenance code violation,Close,2013
521,165,SHERMAN AVENUE,10034,MANHATTAN,40.864765,-73.922764,maintenance code violation,Close,2014
522,1064,MANOR AVENUE,10472,BRONX,40.825543,-73.875585,maintenance code violation,Close,2013
523,1064,MANOR AVENUE,10472,BRONX,40.825543,-73.875585,maintenance code violation,Close,2013
524,2675,VALENTINE AVENUE,10458,BRONX,40.866053,-73.892899,maintenance code violation,Close,2021
525,57,AVENUE O,11204,BROOKLYN,40.610343,-73.9829,maintenance code violation,Close,2021
526,3528,MERMAID AVENUE,11224,BROOKLYN,40.574821,-74.001044,maintenance code violation,Close,2021
527,3230,CRUGER AVENUE,10467,BRONX,40.872255,-73.866129,maintenance code violation,Close,2013
528,3230,CRUGER AVENUE,10467,BRONX,40.872255,-73.866129,maintenance code violation,Close,2013
529,3230,CRUGER AVENUE,10467,BRONX,40.872255,-73.866129,maintenance code violation,Close,2013
530,230,EAST 79 STREET,10075,MANHATTAN,40.773932,-73.956483,maintenance code violation,Close,2018
531,240,EAST 79 STREET,10075,MANHATTAN,40.773863,-73.956324,maintenance code violation,Close,2018
532,242,EAST 79 STREET,10075,MANHATTAN,40.77385,-73.956292,maintenance code violation,Close,2018
533,428,EAST 46 STREET,11203,BROOKLYN,40.651124,-73.934234,maintenance code violation,Close,2021
534,1760,MONTGOMERY AVENUE,10453,BRONX,40.850722,-73.918114,maintenance code violation,Close,2013
535,1180,PRESIDENT STREET,11225,BROOKLYN,40.668111,-73.951538,maintenance code violation,Close,2021
536,1120,FOX STREET,10459,BRONX,40.827496,-73.893843,maintenance code violation,Close,2021
537,192,NAGLE AVENUE,10034,MANHATTAN,40.862034,-73.923563,maintenance code violation,Close,2015
538,520,CONCORD AVENUE,10455,BRONX,40.812399,-73.908379,maintenance code violation,Close,2021
539,165,SHERMAN AVENUE,10034,MANHATTAN,40.864765,-73.922764,maintenance code violation,Close,2014
540,2070,POWELL AVENUE,10472,BRONX,40.830727,-73.854389,maintenance code violation,Close,2016
541,123,WEST 135 STREET,10030,MANHATTAN,40.814545,-73.941869,maintenance code violation,Open,2016
542,165,SHERMAN AVENUE,10034,MANHATTAN,40.864765,-73.922764,maintenance code violation,Close,2014
543,108-53,ROOSEVELT AVENUE,11368,QUEENS,40.750869,-73.858277,maintenance code violation,Close,2018
544,1944,ANDREWS AVENUE,10453,BRONX,40.854973,-73.912976,maintenance code violation,Close,2013
545,31,MT HOPE PLACE,10453,BRONX,40.849226,-73.910135,maintenance code violation,Close,2020
546,39,KENILWORTH PLACE,11210,BROOKLYN,40.635039,-73.951285,maintenance code violation,Open,2016
547,1750,GRAND CONCOURSE,10457,BRONX,40.845765,-73.910292,maintenance code violation,Close,2013
548,1750,GRAND CONCOURSE,10457,BRONX,40.845765,-73.910292,maintenance code violation,Close,2013
549,1750,GRAND CONCOURSE,10457,BRONX,40.845765,-73.910292,maintenance code violation,Close,2013
550,1117,WESTCHESTER AVENUE,10459,BRONX,40.825426,-73.890453,maintenance code violation,Close,2021
551,160,WEST KINGSBRIDGE ROAD,10463,BRONX,40.870246,-73.904325,maintenance code violation,Close,2021
552,160,WEST KINGSBRIDGE ROAD,10463,BRONX,40.870246,-73.904325,maintenance code violation,Close,2021
553,160,WEST KINGSBRIDGE ROAD,10463,BRONX,40.870246,-73.904325,maintenance code violation,Close,2021
554,55,HOLLAND AVENUE,10303,STATEN ISLAND,40.638993,-74.171244,maintenance code violation,Close,2021
555,1330,FULTON STREET,11216,BROOKLYN,40.680269,-73.94747,maintenance code violation,Close,2013
556,1330,FULTON STREET,11216,BROOKLYN,40.680269,-73.94747,maintenance code violation,Close,2013
557,4078,NOSTRAND AVENUE,11235,BROOKLYN,40.584387,-73.938843,maintenance code violation,Close,2021
558,1917,AVENUE X,11235,BROOKLYN,40.592665,-73.951035,maintenance code violation,Close,2021
559,2848,BRIGHTON 7 STREET,11235,BROOKLYN,40.582365,-73.962105,maintenance code violation,Close,2021
560,192,NAGLE AVENUE,10034,MANHATTAN,40.862034,-73.923563,maintenance code violation,Close,2015
561,1917,AVENUE X,11235,BROOKLYN,40.592665,-73.951035,maintenance code violation,Close,2021
562,728,OCEAN VIEW AVENUE,11235,BROOKLYN,40.579936000000004,-73.96044,maintenance code violation,Open,2021
563,2407,EAST 12 STREET,11235,BROOKLYN,40.59157,-73.958946,maintenance code violation,Open,2021
564,2407,EAST 12 STREET,11235,BROOKLYN,40.59157,-73.958946,maintenance code violation,Open,2021
565,2409,EAST 12 STREET,11235,BROOKLYN,40.591535,-73.958939,maintenance code violation,Open,2021
566,2409,EAST 12 STREET,11235,BROOKLYN,40.591535,-73.958939,maintenance code violation,Open,2021
567,361,MILLER AVENUE,11207,BROOKLYN,40.672009,-73.891052,maintenance code violation,Close,2021
568,1505,TOWNSEND AVENUE,10452,BRONX,40.84234,-73.915038,maintenance code violation,Close,2014
569,75,WADSWORTH TERRACE,10040,MANHATTAN,40.856859,-73.930759,maintenance code violation,Close,2021
570,3801,REVIEW PLACE,10463,BRONX,40.88494,-73.89965,maintenance code violation,Close,2021
571,521,WEST 156 STREET,10032,MANHATTAN,40.832617,-73.943367,maintenance code violation,Close,2018
572,3528,MERMAID AVENUE,11224,BROOKLYN,40.574821,-74.001044,maintenance code violation,Close,2021
573,3528,MERMAID AVENUE,11224,BROOKLYN,40.574821,-74.001044,maintenance code violation,Close,2021
574,2406,FRISBY AVENUE,10461,BRONX,40.838248,-73.848232,maintenance code violation,Open,2013
575,2406,FRISBY AVENUE,10461,BRONX,40.838248,-73.848232,maintenance code violation,Close,2013
576,2406,FRISBY AVENUE,10461,BRONX,40.838248,-73.848232,maintenance code violation,Close,2013
577,3230,CRUGER AVENUE,10467,BRONX,40.872255,-73.866129,maintenance code violation,Close,2013
578,3230,CRUGER AVENUE,10467,BRONX,40.872255,-73.866129,maintenance code violation,Close,2013
579,451,KINGSTON AVENUE,11225,BROOKLYN,40.663504,-73.942746,maintenance code violation,Close,2013
580,451,KINGSTON AVENUE,11225,BROOKLYN,40.663504,-73.942746,maintenance code violation,Close,2013
581,3230,CRUGER AVENUE,10467,BRONX,40.872255,-73.866129,maintenance code violation,Close,2013
582,451,KINGSTON AVENUE,11225,BROOKLYN,40.663504,-73.942746,maintenance code violation,Close,2013
583,900,EAST 18 STREET,11230,BROOKLYN,40.628482,-73.959118,maintenance code violation,Close,2021
584,667,WEST 161 STREET,10032,MANHATTAN,40.837586,-73.945488,maintenance code violation,Close,2021
585,377,MONTGOMERY STREET,11225,BROOKLYN,40.665466,-73.952001,maintenance code violation,Close,2021
586,3230,CRUGER AVENUE,10467,BRONX,40.872255,-73.866129,maintenance code violation,Close,2013
587,3230,CRUGER AVENUE,10467,BRONX,40.872255,-73.866129,maintenance code violation,Close,2013
588,3230,CRUGER AVENUE,10467,BRONX,40.872255,-73.866129,maintenance code violation,Close,2013
589,3230,CRUGER AVENUE,10467,BRONX,40.872255,-73.866129,maintenance code violation,Close,2013
590,3230,CRUGER AVENUE,10467,BRONX,40.872255,-73.866129,maintenance code violation,Close,2013
591,1877,HARRISON AVENUE,10453,BRONX,40.852109,-73.912141,maintenance code violation,Open,2013
592,1562,THIERIOT AVENUE,10460,BRONX,40.839697,-73.865894,maintenance code violation,Close,2017
593,377,MONTGOMERY STREET,11225,BROOKLYN,40.665466,-73.952001,maintenance code violation,Close,2021
594,94-06,34 ROAD,11372,QUEENS,40.753724,-73.873358,maintenance code violation,Close,2021
595,1877,HARRISON AVENUE,10453,BRONX,40.852109,-73.912141,maintenance code violation,Open,2013
596,1877,HARRISON AVENUE,10453,BRONX,40.852109,-73.912141,maintenance code violation,Open,2013
597,1877,HARRISON AVENUE,10453,BRONX,40.852109,-73.912141,maintenance code violation,Open,2013
598,1877,HARRISON AVENUE,10453,BRONX,40.852109,-73.912141,maintenance code violation,Open,2013
599,1877,HARRISON AVENUE,10453,BRONX,40.852109,-73.912141,maintenance code violation,Open,2013
600,1877,HARRISON AVENUE,10453,BRONX,40.852109,-73.912141,maintenance code violation,Open,2013
601,1877,HARRISON AVENUE,10453,BRONX,40.852109,-73.912141,maintenance code violation,Open,2013
602,131,EAST 21 STREET,11226,BROOKLYN,40.651281,-73.960171,maintenance code violation,Close,2013
603,278,EAST 237 STREET,10470,BRONX,40.898837,-73.868445,maintenance code violation,Close,2018
604,560,WEST 160 STREET,10032,MANHATTAN,40.835397,-73.942262,maintenance code violation,Close,2021
605,1237,COLLEGE AVENUE,10456,BRONX,40.833866,-73.912747,maintenance code violation,Close,2021
606,192,NAGLE AVENUE,10034,MANHATTAN,40.862034,-73.923563,maintenance code violation,Close,2015
607,2093,MADISON AVENUE,10037,MANHATTAN,40.809951,-73.937559,maintenance code violation,Close,2021
608,278,EAST 237 STREET,10470,BRONX,40.898837,-73.868445,maintenance code violation,Close,2018
609,278,EAST 237 STREET,10470,BRONX,40.898837,-73.868445,maintenance code violation,Close,2018
610,165,SHERMAN AVENUE,10034,MANHATTAN,40.864765,-73.922764,maintenance code violation,Close,2014
611,828,FAILE STREET,10474,BRONX,40.817647,-73.887298,maintenance code violation,Close,2014
612,1647,PUTNAM AVENUE,11385,QUEENS,40.69921,-73.907824,maintenance code violation,Close,2017
613,828,FAILE STREET,10474,BRONX,40.817647,-73.887298,maintenance code violation,Close,2014
614,560,WEST 160 STREET,10032,MANHATTAN,40.835397,-73.942262,maintenance code violation,Close,2021
615,4824,7 AVENUE,11220,BROOKLYN,40.643391,-74.004944,maintenance code violation,Close,2021
616,22-11,NEW HAVEN AVENUE,11691,QUEENS,40.601049,-73.756061,maintenance code violation,Close,2021
617,181,ROCKAWAY PARKWAY,11212,BROOKLYN,40.662317,-73.921442,maintenance code violation,Close,2013
618,181,ROCKAWAY PARKWAY,11212,BROOKLYN,40.662317,-73.921442,maintenance code violation,Close,2013
619,29-66,FAR ROCKAWAY BOULEVARD,11691,QUEENS,40.598539,-73.764475,maintenance code violation,Close,2021
620,181,ROCKAWAY PARKWAY,11212,BROOKLYN,40.662317,-73.921442,maintenance code violation,Close,2013
621,828,FAILE STREET,10474,BRONX,40.817647,-73.887298,maintenance code violation,Close,2014
622,828,FAILE STREET,10474,BRONX,40.817647,-73.887298,maintenance code violation,Close,2014
623,828,FAILE STREET,10474,BRONX,40.817647,-73.887298,maintenance code violation,Close,2014
624,1647,PUTNAM AVENUE,11385,QUEENS,40.69921,-73.907824,maintenance code violation,Open,2017
625,6653,BROADWAY,10471,BRONX,40.909982,-73.896613,maintenance code violation,Close,2021
626,1231,FULTON AVENUE,10456,BRONX,40.831032,-73.904244,maintenance code violation,Close,2021
627,6653,BROADWAY,10471,BRONX,40.909982,-73.896613,maintenance code violation,Close,2021
628,1647,PUTNAM AVENUE,11385,QUEENS,40.69921,-73.907824,maintenance code violation,Open,2017
629,1105,ANDERSON AVENUE,10452,BRONX,40.835162,-73.924974,maintenance code violation,Close,2021
630,828,FAILE STREET,10474,BRONX,40.817647,-73.887298,maintenance code violation,Close,2014
631,6653,BROADWAY,10471,BRONX,40.909982,-73.896613,maintenance code violation,Close,2021
632,6653,BROADWAY,10471,BRONX,40.909982,-73.896613,maintenance code violation,Close,2021
633,1635,UNION STREET,11213,BROOKLYN,40.668096,-73.935991,maintenance code violation,Close,2021
634,150,WEST 195 STREET,10468,BRONX,40.870488,-73.902134,maintenance code violation,Close,2014
635,150,WEST 195 STREET,10468,BRONX,40.870488,-73.902134,maintenance code violation,Close,2014
636,950,EAST 163 STREET,10459,BRONX,40.820984,-73.895736,maintenance code violation,Close,2014
637,950,EAST 163 STREET,10459,BRONX,40.820984,-73.895736,maintenance code violation,Close,2014
638,950,EAST 163 STREET,10459,BRONX,40.820984,-73.895736,maintenance code violation,Close,2014
639,950,EAST 163 STREET,10459,BRONX,40.820984,-73.895736,maintenance code violation,Close,2014
640,950,EAST 163 STREET,10459,BRONX,40.820984,-73.895736,maintenance code violation,Close,2014
641,950,EAST 163 STREET,10459,BRONX,40.820984,-73.895736,maintenance code violation,Close,2014
642,950,EAST 163 STREET,10459,BRONX,40.820984,-73.895736,maintenance code violation,Close,2014
643,950,EAST 163 STREET,10459,BRONX,40.820984,-73.895736,maintenance code violation,Close,2014
644,1562,THIERIOT AVENUE,10460,BRONX,40.839697,-73.865894,maintenance code violation,Close,2017
645,260,PARKHILL AVENUE,10304,STATEN ISLAND,40.612677,-74.083078,maintenance code violation,Close,2013
646,260,PARKHILL AVENUE,10304,STATEN ISLAND,40.612677,-74.083078,maintenance code violation,Close,2013
647,260,PARKHILL AVENUE,10304,STATEN ISLAND,40.612677,-74.083078,maintenance code violation,Close,2013
648,985,EAST 163 STREET,10459,BRONX,40.820991,-73.894121,maintenance code violation,Open,2021
649,950,EAST 163 STREET,10459,BRONX,40.820984,-73.895736,maintenance code violation,Close,2014
650,888,EAST 96 STREET,11236,BROOKLYN,40.648017,-73.906903,maintenance code violation,Close,2015
651,221-35,90 AVENUE,11428,QUEENS,40.72843,-73.738897,maintenance code violation,Close,2021
652,43-09,40 STREET,11104,QUEENS,40.745219,-73.923971,maintenance code violation,Close,2021
653,147,EAST 118 STREET,10035,MANHATTAN,40.799843,-73.940433,maintenance code violation,Close,2021
654,43-09,40 STREET,11104,QUEENS,40.745219,-73.923971,maintenance code violation,Close,2021
655,170-06,88 AVENUE,11432,QUEENS,40.710405,-73.791399,maintenance code violation,Close,2021
656,1255,STRATFORD AVENUE,10472,BRONX,40.830857,-73.875896,maintenance code violation,Close,2021
657,43-09,40 STREET,11104,QUEENS,40.745219,-73.923971,maintenance code violation,Close,2021
658,69-01,62 STREET,11385,QUEENS,40.703934,-73.894693,maintenance code violation,Open,2018
659,854,JACKSON AVE,10456,BRONX,40.821075,-73.905852,maintenance code violation,Open,2021
660,3459,ELY AVENUE,10469,BRONX,40.879359,-73.84074,maintenance code violation,Close,2021
661,1635,UNION STREET,11213,BROOKLYN,40.668096,-73.935991,maintenance code violation,Close,2021
662,260,PARKHILL AVENUE,10304,STATEN ISLAND,40.612677,-74.083078,maintenance code violation,Close,2013
663,120,EAST 102 STREET,10029,MANHATTAN,40.79003,-73.948983,maintenance code violation,Open,2021
664,277,DAHILL ROAD,11218,BROOKLYN,40.640818,-73.980114,maintenance code violation,Close,2021
665,547,WEST 186 STREET,10033,MANHATTAN,40.851957,-73.930461,maintenance code violation,Close,2021
666,3459,ELY AVENUE,10469,BRONX,40.879359,-73.84074,maintenance code violation,Close,2021
667,87-40,165 STREET,11432,QUEENS,40.709484,-73.797988,maintenance code violation,Close,2015
668,950,EAST 163 STREET,10459,BRONX,40.820984,-73.895736,maintenance code violation,Close,2014
669,899,MONTGOMERY STREET,11213,BROOKLYN,40.664552,-73.935194,maintenance code violation,Close,2018
670,61-05,39 AVENUE,11377,QUEENS,40.747149,-73.902481,maintenance code violation,Open,2021
671,61-05,39 AVENUE,11377,QUEENS,40.747149,-73.902481,maintenance code violation,Open,2021
672,61-05,39 AVENUE,11377,QUEENS,40.747149,-73.902481,maintenance code violation,Open,2021
673,61-05,39 AVENUE,11377,QUEENS,40.747149,-73.902481,maintenance code violation,Open,2021
674,61-05,39 AVENUE,11377,QUEENS,40.747149,-73.902481,maintenance code violation,Open,2021
675,91,FT WASHINGTON AVENUE,10032,MANHATTAN,40.838126,-73.94389,maintenance code violation,Close,2021
676,736,RIVERSIDE DRIVE,10031,MANHATTAN,40.830751,-73.949515,maintenance code violation,Close,2021
677,736,RIVERSIDE DRIVE,10031,MANHATTAN,40.830751,-73.949515,maintenance code violation,Close,2021
678,91,FT WASHINGTON AVENUE,10032,MANHATTAN,40.838126,-73.94389,maintenance code violation,Close,2021
679,230,PRESIDENT STREET,11231,BROOKLYN,40.682145,-73.997718,maintenance code violation,Close,2019
680,230,PRESIDENT STREET,11231,BROOKLYN,40.682145,-73.997718,maintenance code violation,Close,2019
681,230,PRESIDENT STREET,11231,BROOKLYN,40.682145,-73.997718,maintenance code violation,Close,2019
682,230,PRESIDENT STREET,11231,BROOKLYN,40.682145,-73.997718,maintenance code violation,Close,2019
683,230,PRESIDENT STREET,11231,BROOKLYN,40.682145,-73.997718,maintenance code violation,Close,2019
684,176,NAGLE AVENUE,10034,MANHATTAN,40.861749,-73.924337,maintenance code violation,Close,2013
685,115,EAST MOSHOLU PARKWAY NORTH,10467,BRONX,40.877386,-73.882051,maintenance code violation,Close,2021
686,230,PRESIDENT STREET,11231,BROOKLYN,40.682145,-73.997718,maintenance code violation,Close,2019
687,115,EAST MOSHOLU PARKWAY NORTH,10467,BRONX,40.877386,-73.882051,maintenance code violation,Close,2021
688,230,PRESIDENT STREET,11231,BROOKLYN,40.682145,-73.997718,maintenance code violation,Close,2019
689,2874,GRAND CONCOURSE,10458,BRONX,40.870656,-73.890115,maintenance code violation,Close,2013
690,150-21,14 ROAD,11357,QUEENS,40.787685,-73.812712,maintenance code violation,Close,2021
691,230,PRESIDENT STREET,11231,BROOKLYN,40.682145,-73.997718,maintenance code violation,Close,2019
692,521,ISHAM STREET,10034,MANHATTAN,40.866535,-73.918728,maintenance code violation,Close,2019
693,1166,FULTON STREET,11216,BROOKLYN,40.680804,-73.95418599999999,maintenance code violation,Open,2021
694,180,7 AVENUE,10011,MANHATTAN,40.742609,-73.996741,maintenance code violation,Close,2013
695,884,2 AVENUE,10017,MANHATTAN,40.75309,-73.969812,maintenance code violation,Open,2021
696,192,NAGLE AVENUE,10034,MANHATTAN,40.862034,-73.923563,maintenance code violation,Close,2015
697,1031,MANOR AVENUE,10472,BRONX,40.825007,-73.875481,maintenance code violation,Close,2021
698,1039,SIMPSON STREET,10459,BRONX,40.824536,-73.892959,maintenance code violation,Close,2019
699,3802,GLENWOOD ROAD,11210,BROOKLYN,40.634477,-73.939954,maintenance code violation,Close,2020
700,89-52,QUEENS BOULEVARD,11373,QUEENS,40.734209,-73.872879,maintenance code violation,Close,2021
701,950,EAST 163 STREET,10459,BRONX,40.820984,-73.895736,maintenance code violation,Close,2014
702,209,WADSWORTH AVENUE,10033,MANHATTAN,40.851355,-73.933845,maintenance code violation,Open,2020
703,795,EAST 151 STREET,10455,BRONX,40.814598,-73.906002,maintenance code violation,Open,2021
704,1270,GERARD AVENUE,10452,BRONX,40.837027,-73.919324,maintenance code violation,Close,2021
705,1,WEST END AVENUE,10019,MANHATTAN,40.771711,-73.990397,maintenance code violation,Close,2021
706,1,WEST END AVENUE,10019,MANHATTAN,40.771711,-73.990397,maintenance code violation,Open,2021
707,519,WEST 147 STREET,10031,MANHATTAN,40.82686,-73.947419,maintenance code violation,Close,2021
708,77-07,WOODSIDE AVENUE,11373,QUEENS,40.743581,-73.887816,maintenance code violation,Open,2021
709,1270,GERARD AVENUE,10452,BRONX,40.837027,-73.919324,maintenance code violation,Close,2021
710,710,EAST 93 STREET,11236,BROOKLYN,40.650498,-73.913639,maintenance code violation,Open,2019
711,506,WEST 146 STREET,10031,MANHATTAN,40.826122,-73.947651,maintenance code violation,Close,2021
712,710,EAST 93 STREET,11236,BROOKLYN,40.650498,-73.913639,maintenance code violation,Open,2019
713,710,EAST 93 STREET,11236,BROOKLYN,40.650498,-73.913639,maintenance code violation,Open,2019
714,3230,CRUGER AVENUE,10467,BRONX,40.872255,-73.866129,maintenance code violation,Close,2013
715,13,BREVOORT PLACE,11216,BROOKLYN,40.680022,-73.954933,maintenance code violation,Close,2019
716,168-38,89 AVENUE,11432,QUEENS,40.708981,-73.792846,maintenance code violation,Close,2021
717,710,EAST 93 STREET,11236,BROOKLYN,40.650498,-73.913639,maintenance code violation,Close,2019
718,72-06,69 STREET,11385,QUEENS,40.701545,-73.882741,maintenance code violation,Close,2019
719,72-06,69 STREET,11385,QUEENS,40.701545,-73.882741,maintenance code violation,Close,2019
720,72-06,69 STREET,11385,QUEENS,40.701545,-73.882741,maintenance code violation,Close,2019
721,353,BEEKMAN AVENUE,10454,BRONX,40.809021,-73.913719,maintenance code violation,Close,2014
722,1760,MONTGOMERY AVENUE,10453,BRONX,40.850722,-73.918114,maintenance code violation,Close,2013
723,527,FLUSHING AVENUE,11205,BROOKLYN,40.699348,-73.953914,maintenance code violation,Close,2021
724,1760,MONTGOMERY AVENUE,10453,BRONX,40.850722,-73.918114,maintenance code violation,Close,2013
725,2129,CROTONA AVENUE,10457,BRONX,40.849097,-73.887964,maintenance code violation,Close,2021
726,4424,10 AVENUE,11219,BROOKLYN,40.64164,-73.996008,maintenance code violation,Close,2019
727,353,BEEKMAN AVENUE,10454,BRONX,40.809021,-73.913719,maintenance code violation,Close,2014
728,353,BEEKMAN AVENUE,10454,BRONX,40.809021,-73.913719,maintenance code violation,Close,2014
729,101-17,115 STREET,11419,QUEENS,40.688685,-73.829166,maintenance code violation,Open,2021
730,10-12,NAMEOKE STREET,11691,QUEENS,40.603221,-73.748926,maintenance code violation,Close,2020
731,113,LINDEN STREET,11221,BROOKLYN,40.693162,-73.919649,maintenance code violation,Open,2020
732,353,BEEKMAN AVENUE,10454,BRONX,40.809021,-73.913719,maintenance code violation,Close,2014
733,180,PARKHILL AVENUE,10304,STATEN ISLAND,40.614572,-74.082129,maintenance code violation,Close,2013
734,353,BEEKMAN AVENUE,10454,BRONX,40.809021,-73.913719,maintenance code violation,Close,2014
735,353,BEEKMAN AVENUE,10454,BRONX,40.809021,-73.913719,maintenance code violation,Close,2014
736,35-13,109 STREET,11368,QUEENS,40.75522,-73.859095,maintenance code violation,Open,2021
737,35-13,109 STREET,11368,QUEENS,40.75522,-73.859095,maintenance code violation,Open,2021
738,158-03,SANFORD AVENUE,11358,QUEENS,40.76094,-73.807524,maintenance code violation,Close,2013
739,3380,NOSTRAND AVENUE,11229,BROOKLYN,40.601664,-73.942133,maintenance code violation,Close,2014
740,3380,NOSTRAND AVENUE,11229,BROOKLYN,40.601664,-73.942133,maintenance code violation,Close,2014
741,780,LIVONIA AVENUE,11207,BROOKLYN,40.665644,-73.888074,maintenance code violation,Open,2020
742,353,BEEKMAN AVENUE,10454,BRONX,40.809021,-73.913719,maintenance code violation,Close,2014
743,353,BEEKMAN AVENUE,10454,BRONX,40.809021,-73.913719,maintenance code violation,Close,2014
744,3380,NOSTRAND AVENUE,11229,BROOKLYN,40.601664,-73.942133,maintenance code violation,Close,2014
745,3380,NOSTRAND AVENUE,11229,BROOKLYN,40.601664,-73.942133,maintenance code violation,Close,2014
746,691,GERARD AVENUE,10451,BRONX,40.823498,-73.927307,maintenance code violation,Close,2014
747,691,GERARD AVENUE,10451,BRONX,40.823498,-73.927307,maintenance code violation,Close,2014
748,353,BEEKMAN AVENUE,10454,BRONX,40.809021,-73.913719,maintenance code violation,Close,2014
749,4424,10 AVENUE,11219,BROOKLYN,40.64164,-73.996008,maintenance code violation,Close,2019
750,4424,10 AVENUE,11219,BROOKLYN,40.64164,-73.996008,maintenance code violation,Close,2019
751,4424,10 AVENUE,11219,BROOKLYN,40.64164,-73.996008,maintenance code violation,Close,2019
752,4424,10 AVENUE,11219,BROOKLYN,40.64164,-73.996008,maintenance code violation,Close,2019
753,147-38,ASH AVENUE,11355,QUEENS,40.758967,-73.816478,maintenance code violation,Open,2019
754,141-11,78 ROAD,11367,QUEENS,40.718844,-73.819745,maintenance code violation,Open,2021
755,165,SHERMAN AVENUE,10034,MANHATTAN,40.864765,-73.922764,maintenance code violation,Close,2014
756,1113,WALTON AVENUE,10452,BRONX,40.832883,-73.920763,maintenance code violation,Close,2017
757,20,SHERMAN AVENUE,10040,MANHATTAN,40.862669,-73.928479,maintenance code violation,Close,2019
758,1580,THIERIOT AVENUE,10460,BRONX,40.840063,-73.866078,maintenance code violation,Close,2018
759,580,EMPIRE BOULEVARD,11225,BROOKLYN,40.66407,-73.94311,maintenance code violation,Close,2019
760,180,PARKHILL AVENUE,10304,STATEN ISLAND,40.614572,-74.082129,maintenance code violation,Close,2013
761,165,SHERMAN AVENUE,10034,MANHATTAN,40.864765,-73.922764,maintenance code violation,Close,2014
762,607,WEST 139 STREET,10031,MANHATTAN,40.822856,-73.953702,maintenance code violation,Close,2019
763,20,SHERMAN AVENUE,10040,MANHATTAN,40.862669,-73.928479,maintenance code violation,Close,2019
764,521,ISHAM STREET,10034,MANHATTAN,40.866535,-73.918728,maintenance code violation,Close,2019
765,515,CATHEDRAL PARKWAY,10025,MANHATTAN,40.803336,-73.964707,maintenance code violation,Close,2019
766,515,CATHEDRAL PARKWAY,10025,MANHATTAN,40.803336,-73.964707,maintenance code violation,Close,2019
767,515,CATHEDRAL PARKWAY,10025,MANHATTAN,40.803336,-73.964707,maintenance code violation,Close,2019
768,515,CATHEDRAL PARKWAY,10025,MANHATTAN,40.803336,-73.964707,maintenance code violation,Close,2019
769,515,CATHEDRAL PARKWAY,10025,MANHATTAN,40.803336,-73.964707,maintenance code violation,Close,2019
770,785,MACE AVENUE,10467,BRONX,40.863162,-73.864119,maintenance code violation,Close,2013
771,785,MACE AVENUE,10467,BRONX,40.863162,-73.864119,maintenance code violation,Close,2013
772,338,SOUTH 3 STREET,11211,BROOKLYN,40.709289,-73.953719,maintenance code violation,Close,2013
773,338,SOUTH 3 STREET,11211,BROOKLYN,40.709289,-73.953719,maintenance code violation,Close,2013
774,515,CATHEDRAL PARKWAY,10025,MANHATTAN,40.803336,-73.964707,maintenance code violation,Close,2019
775,101,POST AVENUE,10034,MANHATTAN,40.864261,-73.920824,maintenance code violation,Close,2013
776,510,RALPH AVENUE,11233,BROOKLYN,40.672034,-73.922299,maintenance code violation,Close,2015
777,608,WEST 184 STREET,10033,MANHATTAN,40.851245,-73.932807,maintenance code violation,Close,2020
778,608,WEST 184 STREET,10033,MANHATTAN,40.851245,-73.932807,maintenance code violation,Close,2020
779,608,WEST 184 STREET,10033,MANHATTAN,40.851245,-73.932807,maintenance code violation,Open,2020
780,3990,BRONX BOULEVARD,10466,BRONX,40.889347,-73.864004,maintenance code violation,Close,2021
781,3990,BRONX BOULEVARD,10466,BRONX,40.889347,-73.864004,maintenance code violation,Close,2021
782,456,BROOKLYN AVENUE,11225,BROOKLYN,40.663665,-73.945529,maintenance code violation,Close,2019
783,3301,PERRY AVENUE,10467,BRONX,40.877017,-73.875373,maintenance code violation,Close,2020
784,153-28,75 AVENUE,11367,QUEENS,40.726184,-73.813062,maintenance code violation,Open,2021
785,153-28,75 AVENUE,11367,QUEENS,40.726184,-73.813062,maintenance code violation,Open,2021
786,3301,PERRY AVENUE,10467,BRONX,40.877017,-73.875373,maintenance code violation,Close,2020
787,153-28,75 AVENUE,11367,QUEENS,40.726184,-73.813062,maintenance code violation,Open,2021
788,165,SHERMAN AVENUE,10034,MANHATTAN,40.864765,-73.922764,maintenance code violation,Close,2014
789,6653,BROADWAY,10471,BRONX,40.909982,-73.896613,maintenance code violation,Close,2013
790,6653,BROADWAY,10471,BRONX,40.909982,-73.896613,maintenance code violation,Close,2013
791,6653,BROADWAY,10471,BRONX,40.909982,-73.896613,maintenance code violation,Close,2013
792,6653,BROADWAY,10471,BRONX,40.909982,-73.896613,maintenance code violation,Close,2013
793,6653,BROADWAY,10471,BRONX,40.909982,-73.896613,maintenance code violation,Close,2013
794,367,WADSWORTH AVENUE,10040,MANHATTAN,40.856321,-73.930178,maintenance code violation,Open,2021
795,242,EAST 79 STREET,10075,MANHATTAN,40.77385,-73.956292,maintenance code violation,Close,2019
796,177,8 STREET,11215,BROOKLYN,40.671604,-73.989535,maintenance code violation,Close,2013
797,2917,GRAND CONCOURSE,10468,BRONX,40.871349,-73.88895,maintenance code violation,Close,2019
798,2917,GRAND CONCOURSE,10468,BRONX,40.871349,-73.88895,maintenance code violation,Close,2019
799,2917,GRAND CONCOURSE,10468,BRONX,40.871349,-73.88895,maintenance code violation,Close,2019
800,2917,GRAND CONCOURSE,10468,BRONX,40.871349,-73.88895,maintenance code violation,Close,2019
801,242,EAST 79 STREET,10075,MANHATTAN,40.77385,-73.956292,maintenance code violation,Close,2019
802,242,EAST 79 STREET,10075,MANHATTAN,40.77385,-73.956292,maintenance code violation,Close,2019
803,242,EAST 79 STREET,10075,MANHATTAN,40.77385,-73.956292,maintenance code violation,Close,2019
804,242,EAST 79 STREET,10075,MANHATTAN,40.77385,-73.956292,maintenance code violation,Close,2019
805,86-08,ATLANTIC AVENUE,11416,QUEENS,40.686248,-73.855505,maintenance code violation,Close,2020
806,1858,BAY RIDGE AVENUE,11204,BROOKLYN,40.616113,-73.991345,maintenance code violation,Open,2020
807,33-36,102 STREET,11368,QUEENS,40.756804,-73.866447,maintenance code violation,Open,2021
808,33-36,102 STREET,11368,QUEENS,40.756804,-73.866447,maintenance code violation,Open,2021
809,1033,WHEELER AVENUE,10472,BRONX,40.824539,-73.879193,maintenance code violation,Open,2021
810,1033,WHEELER AVENUE,10472,BRONX,40.824539,-73.879193,maintenance code violation,Open,2021
811,1033,WHEELER AVENUE,10472,BRONX,40.824539,-73.879193,maintenance code violation,Open,2021
812,165,SHERMAN AVENUE,10034,MANHATTAN,40.864765,-73.922764,maintenance code violation,Close,2014
813,516,WEST 159 STREET,10032,MANHATTAN,40.834378,-73.941768,maintenance code violation,Close,2013
814,244,EAST 79 STREET,10075,MANHATTAN,40.773836,-73.956259,maintenance code violation,Close,2019
815,20,SHERMAN AVENUE,10040,MANHATTAN,40.862669,-73.928479,maintenance code violation,Close,2019
816,20,SHERMAN AVENUE,10040,MANHATTAN,40.862669,-73.928479,maintenance code violation,Close,2019
817,1807,PHELAN PLACE,10453,BRONX,40.852484,-73.917125,maintenance code violation,Close,2013
818,20,SHERMAN AVENUE,10040,MANHATTAN,40.862669,-73.928479,maintenance code violation,Close,2019
819,20,SHERMAN AVENUE,10040,MANHATTAN,40.862669,-73.928479,maintenance code violation,Close,2019
820,244,EAST 79 STREET,10075,MANHATTAN,40.773836,-73.956259,maintenance code violation,Close,2019
821,242,EAST 79 STREET,10075,MANHATTAN,40.77385,-73.956292,maintenance code violation,Close,2019
822,2,ELTON STREET,11208,BROOKLYN,40.683597,-73.885617,maintenance code violation,Close,2013
823,700,AMSTERDAM AVENUE,10025,MANHATTAN,40.792716,-73.971354,maintenance code violation,Open,2020
824,69-21,43 AVENUE,11377,QUEENS,40.741738,-73.895257,maintenance code violation,Open,2018
825,265,MILL ROAD,10306,STATEN ISLAND,40.562387,-74.111617,maintenance code violation,Close,2013
826,265,MILL ROAD,10306,STATEN ISLAND,40.562387,-74.111617,maintenance code violation,Close,2013
827,516,WEST 159 STREET,10032,MANHATTAN,40.834378,-73.941768,maintenance code violation,Close,2013
828,311,ONDERDONK AVENUE,11385,QUEENS,40.70885,-73.915432,maintenance code violation,Close,2021
829,515,CATHEDRAL PARKWAY,10025,MANHATTAN,40.803336,-73.964707,maintenance code violation,Close,2019
830,515,CATHEDRAL PARKWAY,10025,MANHATTAN,40.803336,-73.964707,maintenance code violation,Close,2019
831,1562,THIERIOT AVENUE,10460,BRONX,40.839697,-73.865894,maintenance code violation,Close,2018
832,700,AMSTERDAM AVENUE,10025,MANHATTAN,40.792716,-73.971354,maintenance code violation,Open,2020
833,580,EMPIRE BOULEVARD,11225,BROOKLYN,40.66407,-73.94311,maintenance code violation,Open,2019
834,580,EMPIRE BOULEVARD,11225,BROOKLYN,40.66407,-73.94311,maintenance code violation,Open,2019
835,580,EMPIRE BOULEVARD,11225,BROOKLYN,40.66407,-73.94311,maintenance code violation,Open,2019
836,1726,AMSTERDAM AVENUE,10031,MANHATTAN,40.825515,-73.947413,maintenance code violation,Close,2019
837,230,EAST 79 STREET,10075,MANHATTAN,40.773932,-73.956483,maintenance code violation,Close,2019
838,580,EMPIRE BOULEVARD,11225,BROOKLYN,40.66407,-73.94311,maintenance code violation,Close,2019
839,109,SHERMAN AVENUE,10034,MANHATTAN,40.863945,-73.924982,maintenance code violation,Close,2021
840,252,SHERMAN AVENUE,10034,MANHATTAN,40.866148,-73.919071,maintenance code violation,Close,2021
841,1314,LAFAYETTE AVENUE,10474,BRONX,40.816878,-73.886439,maintenance code violation,Close,2021
842,580,EMPIRE BOULEVARD,11225,BROOKLYN,40.66407,-73.94311,maintenance code violation,Close,2019
843,608,WEST 184 STREET,10033,MANHATTAN,40.851245,-73.932807,maintenance code violation,Open,2020
844,165,SHERMAN AVENUE,10034,MANHATTAN,40.864765,-73.922764,maintenance code violation,Close,2014
845,3301,PERRY AVENUE,10467,BRONX,40.877017,-73.875373,maintenance code violation,Close,2020
846,252,SHERMAN AVENUE,10034,MANHATTAN,40.866148,-73.919071,maintenance code violation,Close,2021
847,165,SHERMAN AVENUE,10034,MANHATTAN,40.864765,-73.922764,maintenance code violation,Close,2014
848,165,SHERMAN AVENUE,10034,MANHATTAN,40.864765,-73.922764,maintenance code violation,Close,2014
849,240,EAST 79 STREET,10075,MANHATTAN,40.773863,-73.956324,maintenance code violation,Close,2019
850,1580,THIERIOT AVENUE,10460,BRONX,40.840063,-73.866078,maintenance code violation,Close,2018
851,100,SEAMAN AVENUE,10034,MANHATTAN,40.868274,-73.924586,maintenance code violation,Close,2021
852,1722,HOBART AVENUE,10461,BRONX,40.846161,-73.830587,maintenance code violation,Open,2019
853,1722,HOBART AVENUE,10461,BRONX,40.846161,-73.830587,maintenance code violation,Open,2019
854,1722,HOBART AVENUE,10461,BRONX,40.846161,-73.830587,maintenance code violation,Open,2019
855,2630,OCEAN AVENUE,11229,BROOKLYN,40.597617,-73.951085,maintenance code violation,Close,2013
856,237,EAST 194 STREET,10458,BRONX,40.865177,-73.893031,maintenance code violation,Close,2021
857,636,WEST 172 STREET,10032,MANHATTAN,40.844165,-73.939573,maintenance code violation,Close,2019
858,141,HULL STREET,11233,BROOKLYN,40.679448,-73.911748,maintenance code violation,Open,2021
859,1704,MORRIS AVENUE,10457,BRONX,40.844323,-73.909408,maintenance code violation,Close,2021
860,694,ROCKAWAY AVENUE,11212,BROOKLYN,40.662876,-73.909009,maintenance code violation,Close,2021
861,612,BEECH TERRACE,10454,BRONX,40.809455,-73.913845,maintenance code violation,Close,2021
862,612,BEECH TERRACE,10454,BRONX,40.809455,-73.913845,maintenance code violation,Close,2021
863,1054,EAST 15 STREET,11230,BROOKLYN,40.623899,-73.96116,maintenance code violation,Close,2021
864,1176,OCEAN PARKWAY,11230,BROOKLYN,40.620013,-73.969692,maintenance code violation,Close,2021
865,865,EAST 165 STREET,10459,BRONX,40.823922,-73.899153,maintenance code violation,Close,2021
866,1054,EAST 15 STREET,11230,BROOKLYN,40.623899,-73.96116,maintenance code violation,Close,2021
867,87-40,165 STREET,11432,QUEENS,40.709484,-73.797988,maintenance code violation,Close,2016
868,105,WEST 168 STREET,10452,BRONX,40.838398,-73.925141,maintenance code violation,Close,2021
869,664,SAGAMORE STREET,10462,BRONX,40.849074,-73.868724,maintenance code violation,Close,2021
870,351,LEGION STREET,11212,BROOKLYN,40.660205,-73.916106,maintenance code violation,Close,2021
871,351,LEGION STREET,11212,BROOKLYN,40.660205,-73.916106,maintenance code violation,Close,2021
872,351,LEGION STREET,11212,BROOKLYN,40.660205,-73.916106,maintenance code violation,Close,2021
873,598,EAST 183 STREET,10458,BRONX,40.85307,-73.889277,maintenance code violation,Close,2021
874,20,CROOKE AVENUE,11226,BROOKLYN,40.651999,-73.96456,maintenance code violation,Close,2021
875,177,CHRYSTIE STREET,10002,MANHATTAN,40.721071,-73.992341,maintenance code violation,Close,2020
876,165,SHERMAN AVENUE,10034,MANHATTAN,40.864765,-73.922764,maintenance code violation,Close,2014
877,1232,PACIFIC STREET,11216,BROOKLYN,40.677715,-73.950915,maintenance code violation,Close,2021
878,1232,PACIFIC STREET,11216,BROOKLYN,40.677715,-73.950915,maintenance code violation,Close,2021
879,25-40,23 STREET,11102,QUEENS,40.772795,-73.923673,maintenance code violation,Close,2021
880,40,ARGYLE ROAD,11218,BROOKLYN,40.648604,-73.967733,maintenance code violation,Close,2021
881,6719,13 AVENUE,11219,BROOKLYN,40.624622,-74.002925,maintenance code violation,Close,2020
882,437,MORRIS PARK AVENUE,10460,BRONX,40.840090000000004,-73.873382,maintenance code violation,Close,2021
883,181,ROCKAWAY PARKWAY,11212,BROOKLYN,40.662317,-73.921442,maintenance code violation,Close,2013
884,181,ROCKAWAY PARKWAY,11212,BROOKLYN,40.662317,-73.921442,maintenance code violation,Close,2013
885,4220,15 AVENUE,11219,BROOKLYN,40.636125,-73.983815,maintenance code violation,Open,2013
886,3230,CRUGER AVENUE,10467,BRONX,40.872255,-73.866129,maintenance code violation,Close,2013
887,3230,CRUGER AVENUE,10467,BRONX,40.872255,-73.866129,maintenance code violation,Close,2013
888,6719,13 AVENUE,11219,BROOKLYN,40.624622,-74.002925,maintenance code violation,Close,2020
889,1046,CLAY AVENUE,10456,BRONX,40.8285,-73.912758,maintenance code violation,Close,2020
890,6719,13 AVENUE,11219,BROOKLYN,40.624622,-74.002925,maintenance code violation,Close,2020
891,6719,13 AVENUE,11219,BROOKLYN,40.624622,-74.002925,maintenance code violation,Close,2020
892,165,SHERMAN AVENUE,10034,MANHATTAN,40.864765,-73.922764,maintenance code violation,Close,2014
893,3885,BROADWAY,10032,MANHATTAN,40.837406,-73.942441,maintenance code violation,Close,2013
894,128,LEFFERTS PLACE,11238,BROOKLYN,40.680941,-73.959115,maintenance code violation,Close,2021
895,771,EAST 185 STREET,10460,BRONX,40.852437,-73.882818,maintenance code violation,Close,2021
896,771,EAST 185 STREET,10460,BRONX,40.852437,-73.882818,maintenance code violation,Close,2021
897,150,LEFFERTS AVENUE,11225,BROOKLYN,40.66202,-73.956026,maintenance code violation,Close,2021
898,451,KINGSTON AVENUE,11225,BROOKLYN,40.663504,-73.942746,maintenance code violation,Close,2013
899,451,KINGSTON AVENUE,11225,BROOKLYN,40.663504,-73.942746,maintenance code violation,Close,2013
900,540,CONCORD AVENUE,10455,BRONX,40.812821,-73.908226,maintenance code violation,Close,2020
901,1801,MARMION AVENUE,10460,BRONX,40.840329,-73.889728,maintenance code violation,Close,2013
902,66,BLEECKER STREET,11221,BROOKLYN,40.694374,-73.921945,maintenance code violation,Close,2013
903,2800,BAILEY AVENUE,10463,BRONX,40.873356,-73.905554,maintenance code violation,Close,2021
904,3064,BAILEY AVENUE,10463,BRONX,40.877447,-73.902887,maintenance code violation,Close,2021
905,2800,BAILEY AVENUE,10463,BRONX,40.873356,-73.905554,maintenance code violation,Close,2021
906,2800,BAILEY AVENUE,10463,BRONX,40.873356,-73.905554,maintenance code violation,Close,2021
907,451,KINGSTON AVENUE,11225,BROOKLYN,40.663504,-73.942746,maintenance code violation,Close,2013
908,451,KINGSTON AVENUE,11225,BROOKLYN,40.663504,-73.942746,maintenance code violation,Close,2013
909,451,KINGSTON AVENUE,11225,BROOKLYN,40.663504,-73.942746,maintenance code violation,Close,2013
910,451,KINGSTON AVENUE,11225,BROOKLYN,40.663504,-73.942746,maintenance code violation,Close,2013
911,451,KINGSTON AVENUE,11225,BROOKLYN,40.663504,-73.942746,maintenance code violation,Close,2013
912,451,KINGSTON AVENUE,11225,BROOKLYN,40.663504,-73.942746,maintenance code violation,Close,2013
913,451,KINGSTON AVENUE,11225,BROOKLYN,40.663504,-73.942746,maintenance code violation,Close,2013
914,451,KINGSTON AVENUE,11225,BROOKLYN,40.663504,-73.942746,maintenance code violation,Close,2013
915,451,KINGSTON AVENUE,11225,BROOKLYN,40.663504,-73.942746,maintenance code violation,Close,2013
916,451,KINGSTON AVENUE,11225,BROOKLYN,40.663504,-73.942746,maintenance code violation,Close,2013
917,451,KINGSTON AVENUE,11225,BROOKLYN,40.663504,-73.942746,maintenance code violation,Close,2013
918,451,KINGSTON AVENUE,11225,BROOKLYN,40.663504,-73.942746,maintenance code violation,Close,2013
919,451,KINGSTON AVENUE,11225,BROOKLYN,40.663504,-73.942746,maintenance code violation,Close,2013
920,549,ISHAM STREET,10034,MANHATTAN,40.867029,-73.919045,maintenance code violation,Close,2013
921,549,ISHAM STREET,10034,MANHATTAN,40.867029,-73.919045,maintenance code violation,Close,2013
922,549,ISHAM STREET,10034,MANHATTAN,40.867029,-73.919045,maintenance code violation,Close,2013
923,1775,CLAY AVENUE,10457,BRONX,40.846131,-73.90474,maintenance code violation,Close,2021
924,32,CLARKSON AVENUE,11226,BROOKLYN,40.654906,-73.958489,maintenance code violation,Open,2021
925,1141,TIFFANY STREET,10459,BRONX,40.82683,-73.894964,maintenance code violation,Close,2020
926,1141,TIFFANY STREET,10459,BRONX,40.82683,-73.894964,maintenance code violation,Close,2020
927,159,WEST 126 STREET,10027,MANHATTAN,40.809115,-73.946566,maintenance code violation,Close,2013
928,122,EAST 116 STREET,10029,MANHATTAN,40.798906,-73.942312,maintenance code violation,Open,2013
929,122,EAST 116 STREET,10029,MANHATTAN,40.798906,-73.942312,maintenance code violation,Open,2013
930,122,EAST 116 STREET,10029,MANHATTAN,40.798906,-73.942312,maintenance code violation,Close,2013
931,122,EAST 116 STREET,10029,MANHATTAN,40.798906,-73.942312,maintenance code violation,Close,2013
932,1660,CROTONA PARK EAST,10460,BRONX,40.837124,-73.890174,maintenance code violation,Close,2013
933,71,WEST 118 STREET,10026,MANHATTAN,40.802839,-73.947539,maintenance code violation,Open,2013
934,71,WEST 118 STREET,10026,MANHATTAN,40.802839,-73.947539,maintenance code violation,Open,2013
935,71,WEST 118 STREET,10026,MANHATTAN,40.802839,-73.947539,maintenance code violation,Open,2013
936,109-19,FARMERS BOULEVARD,11412,QUEENS,40.703488,-73.766675,maintenance code violation,Open,2021
937,109-19,FARMERS BOULEVARD,11412,QUEENS,40.703488,-73.766675,maintenance code violation,Open,2021
938,1165,ELTON STREET,11208,BROOKLYN,40.65606,-73.87372,maintenance code violation,Open,2020
939,165,SHERMAN AVENUE,10034,MANHATTAN,40.864765,-73.922764,maintenance code violation,Close,2014
940,4420,3 AVENUE,11220,BROOKLYN,40.650881,-74.011273,maintenance code violation,Close,2013
941,4420,3 AVENUE,11220,BROOKLYN,40.650881,-74.011273,maintenance code violation,Close,2013
942,179,EAST 93 STREET,10128,MANHATTAN,40.783586,-73.951483,maintenance code violation,Open,2019
943,1141,TIFFANY STREET,10459,BRONX,40.82683,-73.894964,maintenance code violation,Close,2020
944,165,SHERMAN AVENUE,10034,MANHATTAN,40.864765,-73.922764,maintenance code violation,Close,2014
945,230,EAST 79 STREET,10075,MANHATTAN,40.773932,-73.956483,maintenance code violation,Open,2020
946,230,EAST 79 STREET,10075,MANHATTAN,40.773932,-73.956483,maintenance code violation,Close,2020
947,230,EAST 79 STREET,10075,MANHATTAN,40.773932,-73.956483,maintenance code violation,Open,2020
948,230,EAST 79 STREET,10075,MANHATTAN,40.773932,-73.956483,maintenance code violation,Open,2020
949,230,EAST 79 STREET,10075,MANHATTAN,40.773932,-73.956483,maintenance code violation,Open,2020
950,265,EAST 78 STREET,10075,MANHATTAN,40.773035,-73.956426,maintenance code violation,Close,2020
951,230,EAST 79 STREET,10075,MANHATTAN,40.773932,-73.956483,maintenance code violation,Open,2020
952,820,FREEMAN STREET,10459,BRONX,40.83037,-73.897101,maintenance code violation,Open,2013
953,94,GREENE AVENUE,11238,BROOKLYN,40.686411,-73.968338,maintenance code violation,Close,2013
954,820,FREEMAN STREET,10459,BRONX,40.83037,-73.897101,maintenance code violation,Open,2013
955,820,FREEMAN STREET,10459,BRONX,40.83037,-73.897101,maintenance code violation,Open,2013
956,230,EAST 79 STREET,10075,MANHATTAN,40.773932,-73.956483,maintenance code violation,Open,2020
957,15,CROOKE AVENUE,11226,BROOKLYN,40.65198,-73.964661,maintenance code violation,Open,2016
958,125,LENOX ROAD,11226,BROOKLYN,40.653847999999996,-73.955095,maintenance code violation,Close,2021
959,700,GATES AVENUE,11221,BROOKLYN,40.687809,-73.936668,maintenance code violation,Close,2021
960,165,SHERMAN AVENUE,10034,MANHATTAN,40.864765,-73.922764,maintenance code violation,Close,2014
961,230,EAST 79 STREET,10075,MANHATTAN,40.773932,-73.956483,maintenance code violation,Open,2020
962,230,EAST 79 STREET,10075,MANHATTAN,40.773932,-73.956483,maintenance code violation,Open,2020
963,230,EAST 79 STREET,10075,MANHATTAN,40.773932,-73.956483,maintenance code violation,Open,2020
964,230,EAST 79 STREET,10075,MANHATTAN,40.773932,-73.956483,maintenance code violation,Open,2020
965,230,EAST 79 STREET,10075,MANHATTAN,40.773932,-73.956483,maintenance code violation,Close,2020
966,230,EAST 79 STREET,10075,MANHATTAN,40.773932,-73.956483,maintenance code violation,Open,2020
967,230,EAST 79 STREET,10075,MANHATTAN,40.773932,-73.956483,maintenance code violation,Open,2020
968,230,EAST 79 STREET,10075,MANHATTAN,40.773932,-73.956483,maintenance code violation,Open,2020
969,85-53,ELIOT AVENUE,11374,QUEENS,40.728877,-73.871941,maintenance code violation,Close,2014
970,224,MACON STREET,11216,BROOKLYN,40.68196,-73.941919,maintenance code violation,Close,2013
971,95-05,41 AVENUE,11373,QUEENS,40.747078,-73.870123,maintenance code violation,Open,2016
972,1750,GRAND CONCOURSE,10457,BRONX,40.845765,-73.910292,maintenance code violation,Close,2013
973,1750,GRAND CONCOURSE,10457,BRONX,40.845765,-73.910292,maintenance code violation,Close,2013
974,95-05,41 AVENUE,11373,QUEENS,40.747078,-73.870123,maintenance code violation,Open,2016
975,95-05,41 AVENUE,11373,QUEENS,40.747078,-73.870123,maintenance code violation,Open,2016
976,95-05,41 AVENUE,11373,QUEENS,40.747078,-73.870123,maintenance code violation,Open,2016
